Sequence,Pair,Method,Keypoints1,Keypoints2,GoodMatches,Precision,MMA@1px,MMA@3px,MeanError,TimeSeconds
i_ajuntament,1->2,SIFT,840,780,348,0.8160919540229885,0.6293103448275862,0.8160919540229885,21.98975,0.2108159065246582
i_ajuntament,1->2,ORB,500,500,241,0.9253112033195021,0.7551867219917012,0.9253112033195021,6.4700174,0.017045259475708008
i_ajuntament,1->2,BRISK,632,632,294,0.8435374149659864,0.7006802721088435,0.8435374149659864,12.767003,0.15406465530395508
i_ajuntament,1->2,LATCH,691,676,290,0.8896551724137931,0.6137931034482759,0.8896551724137931,7.4100647,0.17932486534118652
i_ajuntament,1->3,SIFT,840,417,64,0.1875,0.03125,0.1875,154.41174,0.12834548950195312
i_ajuntament,1->3,ORB,500,500,26,0.38461538461538464,0.23076923076923078,0.38461538461538464,48.753925,0.014514923095703125
i_ajuntament,1->3,BRISK,632,455,39,0.23076923076923078,0.1282051282051282,0.23076923076923078,90.02776,0.1268908977508545
i_ajuntament,1->3,LATCH,691,338,15,0.5333333333333333,0.13333333333333333,0.5333333333333333,55.08209,0.1557176113128662
i_ajuntament,1->4,SIFT,840,302,38,0.15789473684210525,0.05263157894736842,0.15789473684210525,231.18149,0.1309349536895752
i_ajuntament,1->4,ORB,500,500,13,0.0,0.0,0.0,174.53781,0.013674259185791016
i_ajuntament,1->4,BRISK,632,538,7,0.14285714285714285,0.0,0.14285714285714285,308.6721,0.13501572608947754
i_ajuntament,1->4,LATCH,691,244,6,0.0,0.0,0.0,138.16068,0.15421819686889648
i_ajuntament,1->5,SIFT,840,236,79,0.10126582278481013,0.08860759493670886,0.10126582278481013,223.2419,0.13270235061645508
i_ajuntament,1->5,ORB,500,500,5,0.0,0.0,0.0,194.92386,0.015233993530273438
i_ajuntament,1->5,BRISK,632,369,15,0.2,0.06666666666666667,0.2,136.32504,0.12265467643737793
i_ajuntament,1->5,LATCH,691,190,6,0.3333333333333333,0.3333333333333333,0.3333333333333333,153.74098,0.16553497314453125
i_ajuntament,1->6,SIFT,840,290,33,0.21212121212121213,0.18181818181818182,0.21212121212121213,183.79523,0.10988616943359375
i_ajuntament,1->6,ORB,500,500,7,0.0,0.0,0.0,185.71683,0.013229846954345703
i_ajuntament,1->6,BRISK,632,531,10,0.3,0.3,0.3,124.44863,0.13835811614990234
i_ajuntament,1->6,LATCH,691,236,5,0.4,0.2,0.4,103.47838,0.15165328979492188
i_autannes,1->2,SIFT,2677,2770,641,0.9656786271450858,0.9329173166926678,0.9656786271450858,9.6999235,0.5941693782806396
i_autannes,1->2,ORB,500,500,2,0.5,0.5,0.5,217.11763,0.03611183166503906
i_autannes,1->2,BRISK,3319,4744,987,0.9807497467071935,0.894630192502533,0.9807497467071935,4.034009,0.2872962951660156
i_autannes,1->2,LATCH,2460,2645,628,0.9187898089171974,0.8136942675159236,0.9187898089171974,2.033809,0.8127992153167725
i_autannes,1->3,SIFT,2677,3686,456,0.9407894736842105,0.8991228070175439,0.9407894736842105,21.962933,0.4947173595428467
i_autannes,1->3,ORB,500,500,3,0.0,0.0,0.0,714.0605,0.04138493537902832
i_autannes,1->3,BRISK,3319,6140,605,0.9818181818181818,0.8578512396694215,0.9818181818181818,5.789445,0.34288573265075684
i_autannes,1->3,LATCH,2460,3581,375,0.944,0.84,0.944,6.815884,0.8223674297332764
i_autannes,1->4,SIFT,2677,8449,72,0.375,0.027777777777777776,0.375,45.205517,0.6193680763244629
i_autannes,1->4,ORB,500,500,10,0.7,0.2,0.7,103.259315,0.04417085647583008
i_autannes,1->4,BRISK,3319,18330,50,0.7,0.14,0.7,17.865118,0.6498970985412598
i_autannes,1->4,LATCH,2460,7915,44,0.75,0.09090909090909091,0.75,8.171881,1.0856425762176514
i_autannes,1->5,SIFT,2677,7792,69,0.7246376811594203,0.5507246376811594,0.7246376811594203,114.09773,0.5179519653320312
i_autannes,1->5,ORB,500,500,1,0.0,0.0,0.0,1076.2251,0.04974198341369629
i_autannes,1->5,BRISK,3319,18234,30,0.8333333333333334,0.6666666666666666,0.8333333333333334,56.16078,1.911933422088623
i_autannes,1->5,LATCH,2460,7166,26,0.9230769230769231,0.46153846153846156,0.9230769230769231,1.2326995,0.9710655212402344
i_autannes,1->6,SIFT,2677,3236,250,0.924,0.5,0.924,18.069395,0.4779696464538574
i_autannes,1->6,ORB,500,500,79,0.9493670886075949,0.46835443037974683,0.9493670886075949,1.1329821,0.03729248046875
i_autannes,1->6,BRISK,3319,3268,263,0.9581749049429658,0.5095057034220533,0.9581749049429658,11.954991,0.27764415740966797
i_autannes,1->6,LATCH,2460,2953,211,0.9289099526066351,0.5355450236966824,0.9289099526066351,8.720815,0.8116111755371094
i_bologna,1->2,SIFT,264,573,97,0.9690721649484536,0.9381443298969072,0.9690721649484536,1.789928,0.10964775085449219
i_bologna,1->2,ORB,455,500,95,0.8526315789473684,0.5578947368421052,0.8526315789473684,12.61289,0.01151275634765625
i_bologna,1->2,BRISK,235,866,71,0.9859154929577465,0.8309859154929577,0.9859154929577465,0.5750898,0.1166541576385498
i_bologna,1->2,LATCH,240,531,90,0.9444444444444444,0.8666666666666667,0.9444444444444444,7.7196956,0.13126444816589355
i_bologna,1->3,SIFT,264,786,82,0.926829268292683,0.8536585365853658,0.926829268292683,7.4339747,0.10933661460876465
i_bologna,1->3,ORB,455,500,43,0.8372093023255814,0.5581395348837209,0.8372093023255814,14.667594,0.012263298034667969
i_bologna,1->3,BRISK,235,1351,59,0.9152542372881356,0.711864406779661,0.9152542372881356,5.2684937,0.12004494667053223
i_bologna,1->3,LATCH,240,721,50,0.94,0.72,0.94,1.8618735,0.1447293758392334
i_bologna,1->4,SIFT,264,909,82,0.9512195121951219,0.8536585365853658,0.9512195121951219,5.5612617,0.09179973602294922
i_bologna,1->4,ORB,455,500,53,0.8679245283018868,0.6415094339622641,0.8679245283018868,2.0175784,0.009589910507202148
i_bologna,1->4,BRISK,235,1666,62,0.9193548387096774,0.7580645161290323,0.9193548387096774,4.973656,0.11033797264099121
i_bologna,1->4,LATCH,240,834,49,0.9591836734693877,0.8163265306122449,0.9591836734693877,6.175379,0.11036062240600586
i_bologna,1->5,SIFT,264,1175,71,0.9014084507042254,0.8169014084507042,0.9014084507042254,12.08573,0.09116697311401367
i_bologna,1->5,ORB,455,500,52,0.7692307692307693,0.46153846153846156,0.7692307692307693,20.55811,0.011963844299316406
i_bologna,1->5,BRISK,235,1912,53,0.9245283018867925,0.8113207547169812,0.9245283018867925,7.881927,0.12700605392456055
i_bologna,1->5,LATCH,240,1089,40,0.975,0.8,0.975,0.7473747,0.1450490951538086
i_bologna,1->6,SIFT,264,1214,47,0.9361702127659575,0.8723404255319149,0.9361702127659575,7.0505137,0.09538507461547852
i_bologna,1->6,ORB,455,500,51,0.8431372549019608,0.5098039215686274,0.8431372549019608,14.309402,0.017767906188964844
i_bologna,1->6,BRISK,235,1993,36,0.9444444444444444,0.7777777777777778,0.9444444444444444,1.523554,0.13302230834960938
i_bologna,1->6,LATCH,240,1060,20,0.9,0.85,0.9,1.9256197,0.14888215065002441
i_books,1->2,SIFT,974,504,326,0.8588957055214724,0.8343558282208589,0.8588957055214724,20.58553,0.18517661094665527
i_books,1->2,ORB,500,500,353,0.9660056657223796,0.9348441926345609,0.9660056657223796,2.0965943,0.015594005584716797
i_books,1->2,BRISK,1093,743,492,0.9451219512195121,0.8800813008130082,0.9451219512195121,7.4612417,0.17293214797973633
i_books,1->2,LATCH,925,488,297,0.9090909090909091,0.8720538720538721,0.9090909090909091,8.703247,0.24779701232910156
i_books,1->3,SIFT,974,1773,524,0.9103053435114504,0.8893129770992366,0.9103053435114504,11.739609,0.1735243797302246
i_books,1->3,ORB,500,500,100,0.83,0.72,0.83,13.301962,0.01363992691040039
i_books,1->3,BRISK,1093,2720,534,0.9606741573033708,0.9213483146067416,0.9606741573033708,1.840526,0.13245534896850586
i_books,1->3,LATCH,925,1683,466,0.9592274678111588,0.9163090128755365,0.9592274678111588,0.89992976,0.21451377868652344
i_books,1->4,SIFT,974,1584,551,0.8856624319419237,0.8656987295825771,0.8856624319419237,18.67145,0.13670754432678223
i_books,1->4,ORB,500,500,196,0.9438775510204082,0.8622448979591837,0.9438775510204082,3.1622264,0.01364898681640625
i_books,1->4,BRISK,1093,2335,602,0.946843853820598,0.9036544850498339,0.946843853820598,4.3853855,0.12530040740966797
i_books,1->4,LATCH,925,1505,477,0.939203354297694,0.909853249475891,0.939203354297694,1.8880686,0.21353840827941895
i_books,1->5,SIFT,974,1344,594,0.9090909090909091,0.8872053872053872,0.9090909090909091,15.627157,0.15576577186584473
i_books,1->5,ORB,500,500,292,0.9623287671232876,0.8904109589041096,0.9623287671232876,2.2563238,0.013972997665405273
i_books,1->5,BRISK,1093,1657,627,0.9569377990430622,0.9250398724082934,0.9569377990430622,5.2849493,0.13333582878112793
i_books,1->5,LATCH,925,1265,509,0.962671905697446,0.925343811394892,0.962671905697446,1.9609513,0.21214771270751953
i_books,1->6,SIFT,974,707,506,0.8181818181818182,0.808300395256917,0.8181818181818182,26.468952,0.14124488830566406
i_books,1->6,ORB,500,500,343,0.9854227405247813,0.9650145772594753,0.9854227405247813,1.044802,0.013818025588989258
i_books,1->6,BRISK,1093,951,605,0.971900826446281,0.9404958677685951,0.971900826446281,3.8583605,0.10751795768737793
i_books,1->6,LATCH,925,672,425,0.9223529411764706,0.8847058823529412,0.9223529411764706,5.2299767,0.17705202102661133
i_boutique,1->2,SIFT,3833,3242,1059,0.830028328611898,0.7271010387157696,0.830028328611898,18.168644,0.19316673278808594
i_boutique,1->2,ORB,500,500,159,0.9433962264150944,0.7610062893081762,0.9433962264150944,7.0469017,0.01980757713317871
i_boutique,1->2,BRISK,3859,4119,1114,0.8770197486535009,0.7459605026929982,0.8770197486535009,10.8977375,0.22795319557189941
i_boutique,1->2,LATCH,3420,2833,946,0.8562367864693446,0.7198731501057083,0.8562367864693446,7.121857,0.3641233444213867
i_boutique,1->3,SIFT,3833,3634,433,0.8036951501154734,0.6096997690531177,0.8036951501154734,28.063501,0.2015542984008789
i_boutique,1->3,ORB,500,500,39,0.5384615384615384,0.3076923076923077,0.5384615384615384,59.89293,0.02160787582397461
i_boutique,1->3,BRISK,3859,4899,449,0.8240534521158129,0.5946547884187082,0.8240534521158129,21.189548,0.25738096237182617
i_boutique,1->3,LATCH,3420,3228,385,0.7480519480519481,0.5376623376623376,0.7480519480519481,10.562178,0.40300679206848145
i_boutique,1->4,SIFT,3833,3187,453,0.6887417218543046,0.58719646799117,0.6887417218543046,54.589188,0.19779562950134277
i_boutique,1->4,ORB,500,500,46,0.6739130434782609,0.43478260869565216,0.6739130434782609,70.33556,0.02010488510131836
i_boutique,1->4,BRISK,3859,4096,476,0.7647058823529411,0.5441176470588235,0.7647058823529411,18.778944,0.25005221366882324
i_boutique,1->4,LATCH,3420,2839,417,0.7362110311750599,0.565947242206235,0.7362110311750599,11.57409,0.353748083114624
i_boutique,1->5,SIFT,3833,3401,87,0.3563218390804598,0.2413793103448276,0.3563218390804598,124.35108,0.2269587516784668
i_boutique,1->5,ORB,500,500,1,1.0,0.0,1.0,1.9319899,0.021503448486328125
i_boutique,1->5,BRISK,3859,4707,72,0.3333333333333333,0.1111111111111111,0.3333333333333333,113.37219,0.2734827995300293
i_boutique,1->5,LATCH,3420,3094,52,0.34615384615384615,0.17307692307692307,0.34615384615384615,34.982124,0.3499338626861572
i_boutique,1->6,SIFT,3833,3222,72,0.3611111111111111,0.25,0.3611111111111111,121.710625,0.18229150772094727
i_boutique,1->6,ORB,500,500,7,0.2857142857142857,0.14285714285714285,0.2857142857142857,194.60042,0.021453857421875
i_boutique,1->6,BRISK,3859,4435,48,0.375,0.14583333333333334,0.375,103.2767,0.242903470993042
i_boutique,1->6,LATCH,3420,2958,41,0.5121951219512195,0.24390243902439024,0.5121951219512195,20.813475,0.3498952388763428
i_bridger,1->2,SIFT,10625,11175,1546,0.907503234152652,0.7056921086675291,0.907503234152652,19.148733,0.6827733516693115
i_bridger,1->2,ORB,500,500,155,0.9419354838709677,0.5806451612903226,0.9419354838709677,3.180071,0.04575538635253906
i_bridger,1->2,BRISK,15833,17565,2153,0.9354389224338133,0.6196005573618207,0.9354389224338133,5.3594995,1.057049036026001
i_bridger,1->2,LATCH,9747,10117,1347,0.9302152932442465,0.6228656273199703,0.9302152932442465,1.9345486,1.141247034072876
i_bridger,1->3,SIFT,10625,9424,934,0.8832976445396146,0.7226980728051392,0.8832976445396146,25.87513,0.7303111553192139
i_bridger,1->3,ORB,500,500,168,0.9464285714285714,0.7678571428571429,0.9464285714285714,10.50939,0.04807901382446289
i_bridger,1->3,BRISK,15833,14027,1387,0.9408795962509012,0.6777217015140591,0.9408795962509012,4.8461623,1.0199644565582275
i_bridger,1->3,LATCH,9747,8614,770,0.9090909090909091,0.6519480519480519,0.9090909090909091,1.1754003,1.3028266429901123
i_bridger,1->4,SIFT,10625,5119,632,0.805379746835443,0.6724683544303798,0.805379746835443,51.505802,0.6744163036346436
i_bridger,1->4,ORB,500,500,85,0.9058823529411765,0.6,0.9058823529411765,11.796846,0.04782676696777344
i_bridger,1->4,BRISK,15833,5645,867,0.908881199538639,0.6470588235294118,0.908881199538639,20.092962,0.6123354434967041
i_bridger,1->4,LATCH,9747,4602,553,0.9023508137432188,0.6329113924050633,0.9023508137432188,7.1805468,0.9039456844329834
i_bridger,1->5,SIFT,10625,2057,286,0.541958041958042,0.4230769230769231,0.541958041958042,172.43906,0.4211599826812744
i_bridger,1->5,ORB,500,500,47,0.9148936170212766,0.6170212765957447,0.9148936170212766,12.240077,0.03527379035949707
i_bridger,1->5,BRISK,15833,1998,266,0.7857142857142857,0.5112781954887218,0.7857142857142857,56.906796,0.4888157844543457
i_bridger,1->5,LATCH,9747,1848,199,0.8190954773869347,0.5276381909547738,0.8190954773869347,22.989017,0.741532564163208
i_bridger,1->6,SIFT,10625,364,121,0.2975206611570248,0.23140495867768596,0.2975206611570248,383.55127,0.3386552333831787
i_bridger,1->6,ORB,500,366,4,0.5,0.0,0.5,151.45947,0.039406538009643555
i_bridger,1->6,BRISK,15833,240,65,0.47692307692307695,0.2923076923076923,0.47692307692307695,278.77643,0.38147425651550293
i_bridger,1->6,LATCH,9747,209,19,0.5263157894736842,0.2631578947368421,0.5263157894736842,187.29436,0.6914687156677246
i_brooklyn,1->2,SIFT,7614,8619,961,0.826222684703434,0.6711758584807492,0.826222684703434,39.246395,0.58066725730896
i_brooklyn,1->2,ORB,500,500,93,0.8709677419354839,0.4946236559139785,0.8709677419354839,19.820097,0.042224884033203125
i_brooklyn,1->2,BRISK,10542,17680,1066,0.9090056285178236,0.6181988742964353,0.9090056285178236,14.621845,0.8041443824768066
i_brooklyn,1->2,LATCH,7162,8035,791,0.93173198482933,0.7003792667509482,0.93173198482933,5.7541556,1.0041372776031494
i_brooklyn,1->3,SIFT,7614,6463,2391,0.09577582601422,0.004182350480970306,0.09577582601422,15.029064,1.911832332611084
i_brooklyn,1->3,ORB,500,500,197,0.25888324873096447,0.01015228426395939,0.25888324873096447,8.921011,0.03684544563293457
i_brooklyn,1->3,BRISK,10542,7972,2932,0.14631650750341063,0.0010231923601637107,0.14631650750341063,9.513846,0.48328256607055664
i_brooklyn,1->3,LATCH,7162,6083,2403,0.11860174781523096,0.004993757802746567,0.11860174781523096,4.5438533,0.9149394035339355
i_brooklyn,1->4,SIFT,7614,6522,407,0.5847665847665847,0.019656019656019656,0.5847665847665847,92.36687,0.5193307399749756
i_brooklyn,1->4,ORB,500,500,9,0.2222222222222222,0.0,0.2222222222222222,362.98297,0.040070295333862305
i_brooklyn,1->4,BRISK,10542,11970,379,0.5804749340369393,0.002638522427440633,0.5804749340369393,52.152004,0.6565518379211426
i_brooklyn,1->4,LATCH,7162,6038,191,0.7068062827225131,0.020942408376963352,0.7068062827225131,9.571501,0.9243993759155273
i_brooklyn,1->5,SIFT,7614,6921,2659,0.022564874012786763,0.0052651372696502444,0.022564874012786763,12.197638,0.5309810638427734
i_brooklyn,1->5,ORB,500,500,171,0.14619883040935672,0.0,0.14619883040935672,7.8924227,0.036115169525146484
i_brooklyn,1->5,BRISK,10542,7441,3126,0.046065259117082535,0.0012795905310300703,0.046065259117082535,7.912091,0.4665374755859375
i_brooklyn,1->5,LATCH,7162,6486,2597,0.03735078937235271,0.0050057758952637655,0.03735078937235271,4.7508154,0.8546953201293945
i_brooklyn,1->6,SIFT,7614,8147,1012,0.038537549407114624,0.001976284584980237,0.038537549407114624,28.71976,0.5500137805938721
i_brooklyn,1->6,ORB,500,500,93,0.12903225806451613,0.010752688172043012,0.12903225806451613,15.034794,0.03696775436401367
i_brooklyn,1->6,BRISK,10542,14352,1088,0.0661764705882353,0.0009191176470588235,0.0661764705882353,18.854753,0.6601109504699707
i_brooklyn,1->6,LATCH,7162,7584,831,0.061371841155234655,0.0012033694344163659,0.061371841155234655,5.6351113,0.8824539184570312
i_castle,1->2,SIFT,1630,1561,56,0.7321428571428571,0.625,0.7321428571428571,44.803265,0.11356782913208008
i_castle,1->2,ORB,500,500,8,0.625,0.25,0.625,54.08844,0.01684737205505371
i_castle,1->2,BRISK,7564,8473,84,0.7738095238095238,0.34523809523809523,0.7738095238095238,31.76381,0.41108274459838867
i_castle,1->2,LATCH,1426,1382,21,0.9047619047619048,0.5238095238095238,0.9047619047619048,29.539194,0.16952252388000488
i_castle,1->3,SIFT,1630,1198,180,0.7944444444444444,0.7333333333333333,0.7944444444444444,22.114815,0.11208772659301758
i_castle,1->3,ORB,500,500,14,0.7857142857142857,0.5714285714285714,0.7857142857142857,33.157875,0.014983415603637695
i_castle,1->3,BRISK,7564,3580,204,0.8872549019607843,0.7058823529411765,0.8872549019607843,10.810661,0.30063366889953613
i_castle,1->3,LATCH,1426,1076,93,0.946236559139785,0.7741935483870968,0.946236559139785,1.9916047,0.1718580722808838
i_castle,1->4,SIFT,1630,686,136,0.7794117647058824,0.6397058823529411,0.7794117647058824,30.773535,0.10418891906738281
i_castle,1->4,ORB,500,500,15,0.6666666666666666,0.4,0.6666666666666666,29.091108,0.014912605285644531
i_castle,1->4,BRISK,7564,1677,116,0.8189655172413793,0.5086206896551724,0.8189655172413793,41.847828,0.26519012451171875
i_castle,1->4,LATCH,1426,576,60,0.8833333333333333,0.65,0.8833333333333333,4.328598,0.15326952934265137
i_castle,1->5,SIFT,1630,654,65,0.6461538461538462,0.5538461538461539,0.6461538461538462,50.98691,0.10848283767700195
i_castle,1->5,ORB,500,500,2,1.0,1.0,1.0,0.0,0.017595529556274414
i_castle,1->5,BRISK,7564,2085,41,0.6341463414634146,0.5121951219512195,0.6341463414634146,82.7235,0.2677030563354492
i_castle,1->5,LATCH,1426,596,13,0.6923076923076923,0.46153846153846156,0.6923076923076923,36.271114,0.15102052688598633
i_castle,1->6,SIFT,1630,1001,57,0.6842105263157895,0.543859649122807,0.6842105263157895,36.372185,0.09801387786865234
i_castle,1->6,ORB,500,500,2,0.0,0.0,0.0,172.71664,0.01741504669189453
i_castle,1->6,BRISK,7564,4585,37,0.5405405405405406,0.4594594594594595,0.5405405405405406,52.739937,0.35068392753601074
i_castle,1->6,LATCH,1426,931,3,0.3333333333333333,0.3333333333333333,0.3333333333333333,186.73271,0.17267870903015137
i_chestnuts,1->2,SIFT,2037,2676,865,0.953757225433526,0.9144508670520232,0.953757225433526,7.1180468,0.18918776512145996
i_chestnuts,1->2,ORB,500,500,27,0.8518518518518519,0.8148148148148148,0.8518518518518519,0.831245,0.017789125442504883
i_chestnuts,1->2,BRISK,3281,4888,1038,0.9778420038535646,0.9026974951830443,0.9778420038535646,1.6347309,0.23110032081604004
i_chestnuts,1->2,LATCH,1958,2528,810,0.9592592592592593,0.9037037037037037,0.9592592592592593,0.5145982,0.2812039852142334
i_chestnuts,1->3,SIFT,2037,2707,841,0.9667063020214031,0.9357907253269917,0.9667063020214031,4.183554,0.16799187660217285
i_chestnuts,1->3,ORB,500,500,22,0.9090909090909091,0.7727272727272727,0.9090909090909091,0.73408246,0.018889427185058594
i_chestnuts,1->3,BRISK,3281,4806,1040,0.9798076923076923,0.9067307692307692,0.9798076923076923,1.5136002,0.2215416431427002
i_chestnuts,1->3,LATCH,1958,2549,770,0.9857142857142858,0.925974025974026,0.9857142857142858,0.3717317,0.2828938961029053
i_chestnuts,1->4,SIFT,2037,2489,852,0.9636150234741784,0.9342723004694836,0.9636150234741784,5.699499,0.1643979549407959
i_chestnuts,1->4,ORB,500,500,32,0.84375,0.6875,0.84375,12.879494,0.01894855499267578
i_chestnuts,1->4,BRISK,3281,4170,1100,0.9763636363636363,0.8827272727272727,0.9763636363636363,1.3170338,0.20907044410705566
i_chestnuts,1->4,LATCH,1958,2356,768,0.9700520833333334,0.921875,0.9700520833333334,0.54259354,0.27413177490234375
i_chestnuts,1->5,SIFT,2037,2028,706,0.9560906515580736,0.9249291784702549,0.9560906515580736,7.4828687,0.15433835983276367
i_chestnuts,1->5,ORB,500,500,30,0.8666666666666667,0.6666666666666666,0.8666666666666667,17.976274,0.015903711318969727
i_chestnuts,1->5,BRISK,3281,3100,766,0.9686684073107049,0.8733681462140992,0.9686684073107049,2.2487168,0.19505691528320312
i_chestnuts,1->5,LATCH,1958,1902,637,0.957613814756672,0.9010989010989011,0.957613814756672,1.2852879,0.25134778022766113
i_chestnuts,1->6,SIFT,2037,1754,440,0.9204545454545454,0.8795454545454545,0.9204545454545454,12.408456,0.14586949348449707
i_chestnuts,1->6,ORB,500,500,13,0.7692307692307693,0.6923076923076923,0.7692307692307693,81.542,0.016122102737426758
i_chestnuts,1->6,BRISK,3281,2658,330,0.9545454545454546,0.8484848484848485,0.9545454545454546,5.0472603,0.18660640716552734
i_chestnuts,1->6,LATCH,1958,1630,323,0.9597523219814241,0.9040247678018576,0.9597523219814241,2.1615086,0.24397945404052734
i_contruction,1->2,SIFT,5388,5422,4033,0.9868584180510787,0.96131911728242,0.9868584180510787,1.5894886,1.554567813873291
i_contruction,1->2,ORB,500,500,347,0.9855907780979827,0.8731988472622478,0.9855907780979827,0.2846038,0.07070612907409668
i_contruction,1->2,BRISK,5983,6141,4180,0.9842105263157894,0.911244019138756,0.9842105263157894,1.1985027,0.37192320823669434
i_contruction,1->2,LATCH,5346,5384,4017,0.9858103061986557,0.9507094846900672,0.9858103061986557,0.6377794,1.7156569957733154
i_contruction,1->3,SIFT,5388,5388,3994,0.9877315973960942,0.956685027541312,0.9877315973960942,1.9345498,1.4599754810333252
i_contruction,1->3,ORB,500,500,313,0.9808306709265175,0.8913738019169329,0.9808306709265175,0.38491747,0.06716036796569824
i_contruction,1->3,BRISK,5983,5730,4055,0.9822441430332922,0.905055487053021,0.9822441430332922,1.8515993,0.3736896514892578
i_contruction,1->3,LATCH,5346,5352,3946,0.9888494678155094,0.951089711099848,0.9888494678155094,0.6842625,1.7180078029632568
i_contruction,1->4,SIFT,5388,5474,2936,0.9775204359673024,0.920299727520436,0.9775204359673024,4.638952,1.4121317863464355
i_contruction,1->4,ORB,500,500,112,0.9464285714285714,0.75,0.9464285714285714,19.578857,0.06322216987609863
i_contruction,1->4,BRISK,5983,6938,2592,0.9718364197530864,0.8445216049382716,0.9718364197530864,3.3632917,0.4033181667327881
i_contruction,1->4,LATCH,5346,5403,2892,0.9740663900414938,0.9021438450899032,0.9740663900414938,2.713151,1.8054869174957275
i_contruction,1->5,SIFT,5388,10620,554,0.9115523465703971,0.6407942238267148,0.9115523465703971,20.930037,2.927711248397827
i_contruction,1->5,ORB,500,500,26,0.5769230769230769,0.2692307692307692,0.5769230769230769,292.3238,0.07619667053222656
i_contruction,1->5,BRISK,5983,19147,428,0.9042056074766355,0.6355140186915887,0.9042056074766355,20.583742,0.7168595790863037
i_contruction,1->5,LATCH,5346,10416,627,0.937799043062201,0.6251993620414673,0.937799043062201,6.927193,2.089949369430542
i_contruction,1->6,SIFT,5388,10175,219,0.8401826484018264,0.5342465753424658,0.8401826484018264,75.09712,1.6786210536956787
i_contruction,1->6,ORB,500,500,15,0.13333333333333333,0.06666666666666667,0.13333333333333333,666.03973,0.06556534767150879
i_contruction,1->6,BRISK,5983,15692,191,0.8272251308900523,0.5759162303664922,0.8272251308900523,60.432888,0.5599896907806396
i_contruction,1->6,LATCH,5346,9950,234,0.9230769230769231,0.5299145299145299,0.9230769230769231,14.630129,1.958583116531372
i_crownday,1->2,SIFT,2439,2733,114,0.8157894736842105,0.6491228070175439,0.8157894736842105,58.210827,0.5860352516174316
i_crownday,1->2,ORB,500,500,16,0.5625,0.5,0.5625,173.15308,0.03287386894226074
i_crownday,1->2,BRISK,2156,3682,85,0.8235294117647058,0.6235294117647059,0.8235294117647058,73.04554,0.15181183815002441
i_crownday,1->2,LATCH,2369,2638,85,0.8470588235294118,0.5647058823529412,0.8470588235294118,46.755768,0.5498712062835693
i_crownday,1->3,SIFT,2439,2496,217,0.7649769585253456,0.6267281105990783,0.7649769585253456,77.248955,0.43505024909973145
i_crownday,1->3,ORB,500,500,49,0.7959183673469388,0.6122448979591837,0.7959183673469388,41.806694,0.034795522689819336
i_crownday,1->3,BRISK,2156,2806,157,0.9363057324840764,0.8089171974522293,0.9363057324840764,22.219051,0.15128159523010254
i_crownday,1->3,LATCH,2369,2438,168,0.9107142857142857,0.6607142857142857,0.9107142857142857,1.5569131,0.5743014812469482
i_crownday,1->4,SIFT,2439,2530,369,0.8699186991869918,0.7344173441734417,0.8699186991869918,42.948124,0.4481499195098877
i_crownday,1->4,ORB,500,500,115,0.9043478260869565,0.6521739130434783,0.9043478260869565,24.917093,0.032941579818725586
i_crownday,1->4,BRISK,2156,2475,384,0.9635416666666666,0.7291666666666666,0.9635416666666666,10.761409,0.15192699432373047
i_crownday,1->4,LATCH,2369,2472,342,0.9152046783625731,0.6900584795321637,0.9152046783625731,5.59749,0.5886788368225098
i_crownday,1->5,SIFT,2439,2447,655,0.9007633587786259,0.7022900763358778,0.9007633587786259,13.9532175,0.42267394065856934
i_crownday,1->5,ORB,500,500,144,0.9513888888888888,0.625,0.9513888888888888,7.649616,0.03049778938293457
i_crownday,1->5,BRISK,2156,1707,579,0.9637305699481865,0.690846286701209,0.9637305699481865,10.670204,0.11976122856140137
i_crownday,1->5,LATCH,2369,2402,655,0.9236641221374046,0.6717557251908397,0.9236641221374046,1.5883974,0.5261201858520508
i_crownday,1->6,SIFT,2439,2443,129,0.7131782945736435,0.4883720930232558,0.7131782945736435,105.83337,0.4238550662994385
i_crownday,1->6,ORB,500,500,17,0.6470588235294118,0.47058823529411764,0.6470588235294118,102.18071,0.03096294403076172
i_crownday,1->6,BRISK,2156,3418,77,0.8571428571428571,0.5584415584415584,0.8571428571428571,74.20971,0.15633821487426758
i_crownday,1->6,LATCH,2369,2365,89,0.8314606741573034,0.5617977528089888,0.8314606741573034,26.69868,0.5514767169952393
i_crownnight,1->2,SIFT,7697,6438,810,0.8950617283950617,0.725925925925926,0.8950617283950617,37.88245,0.8834924697875977
i_crownnight,1->2,ORB,500,500,51,1.0,0.6274509803921569,1.0,0.74131215,0.0642402172088623
i_crownnight,1->2,BRISK,11338,6914,926,0.9470842332613391,0.7419006479481641,0.9470842332613391,16.12119,0.5455448627471924
i_crownnight,1->2,LATCH,7340,6177,914,0.9102844638949672,0.6564551422319475,0.9102844638949672,4.373259,1.3315308094024658
i_crownnight,1->3,SIFT,7697,6013,757,0.8969616908850726,0.7291941875825627,0.8969616908850726,37.50217,0.7688350677490234
i_crownnight,1->3,ORB,500,500,35,0.8571428571428571,0.5428571428571428,0.8571428571428571,54.68649,0.05318760871887207
i_crownnight,1->3,BRISK,11338,6916,818,0.9425427872860636,0.7188264058679706,0.9425427872860636,12.356598,0.5110995769500732
i_crownnight,1->3,LATCH,7340,5777,806,0.9081885856079405,0.6712158808933002,0.9081885856079405,7.143757,1.125253438949585
i_crownnight,1->4,SIFT,7697,6202,717,0.8744769874476988,0.7475592747559274,0.8744769874476988,46.285217,0.764545202255249
i_crownnight,1->4,ORB,500,500,23,0.9565217391304348,0.43478260869565216,0.9565217391304348,11.957632,0.04762005805969238
i_crownnight,1->4,BRISK,11338,6396,750,0.9253333333333333,0.748,0.9253333333333333,18.400377,0.4594309329986572
i_crownnight,1->4,LATCH,7340,5931,715,0.8965034965034965,0.6755244755244755,0.8965034965034965,12.97069,1.079744815826416
i_crownnight,1->5,SIFT,7697,4597,537,0.8677839851024208,0.7057728119180633,0.8677839851024208,69.73301,0.737360954284668
i_crownnight,1->5,ORB,500,500,13,0.8461538461538461,0.46153846153846156,0.8461538461538461,42.939,0.050504207611083984
i_crownnight,1->5,BRISK,11338,3705,457,0.9080962800875274,0.7155361050328227,0.9080962800875274,35.21118,0.38240718841552734
i_crownnight,1->5,LATCH,7340,4450,525,0.9047619047619048,0.6723809523809524,0.9047619047619048,18.579794,1.1366980075836182
i_crownnight,1->6,SIFT,7697,1237,91,0.01098901098901099,0.0,0.01098901098901099,573.0132,0.6649618148803711
i_crownnight,1->6,ORB,500,500,3,0.0,0.0,0.0,604.8477,0.04301285743713379
i_crownnight,1->6,BRISK,11338,497,49,0.04081632653061224,0.02040816326530612,0.04081632653061224,633.32416,0.2816777229309082
i_crownnight,1->6,LATCH,7340,1235,22,0.0,0.0,0.0,758.08685,0.9318702220916748
i_dc,1->2,SIFT,18451,15687,943,0.7126193001060446,0.5938494167550371,0.7126193001060446,162.98605,5.363495349884033
i_dc,1->2,ORB,500,500,22,0.5909090909090909,0.36363636363636365,0.5909090909090909,435.876,0.12860774993896484
i_dc,1->2,BRISK,12475,12802,656,0.836890243902439,0.6448170731707317,0.836890243902439,53.407536,0.872084379196167
i_dc,1->2,LATCH,18093,15338,751,0.9041278295605859,0.6537949400798935,0.9041278295605859,11.534467,3.9844882488250732
i_dc,1->3,SIFT,18451,25684,1028,0.7363813229571985,0.1857976653696498,0.7363813229571985,120.99263,4.642961025238037
i_dc,1->3,ORB,500,500,12,0.25,0.0,0.25,757.7041,0.12444663047790527
i_dc,1->3,BRISK,12475,23333,686,0.8483965014577259,0.2565597667638484,0.8483965014577259,38.782536,1.2467138767242432
i_dc,1->3,LATCH,18093,25178,817,0.8776009791921665,0.23011015911872704,0.8776009791921665,13.455659,5.956965446472168
i_dc,1->4,SIFT,18451,39689,1076,0.7388475836431226,0.024163568773234202,0.7388475836431226,95.81859,7.1608381271362305
i_dc,1->4,ORB,500,500,20,0.5,0.1,0.5,369.26624,0.19951415061950684
i_dc,1->4,BRISK,12475,40348,722,0.8199445983379502,0.05263157894736842,0.8199445983379502,46.320038,2.1382079124450684
i_dc,1->4,LATCH,18093,39013,904,0.870575221238938,0.04092920353982301,0.870575221238938,8.55318,9.020634412765503
i_dc,1->5,SIFT,18451,43337,1090,0.728440366972477,0.0027522935779816515,0.728440366972477,111.18595,6.969000339508057
i_dc,1->5,ORB,500,500,16,0.4375,0.0625,0.4375,156.83212,0.19289422035217285
i_dc,1->5,BRISK,12475,44491,746,0.8083109919571045,0.01876675603217158,0.8083109919571045,33.04279,2.539884090423584
i_dc,1->5,LATCH,18093,42612,908,0.8083700440528634,0.013215859030837005,0.8083700440528634,8.861335,7.506279468536377
i_dc,1->6,SIFT,18451,43524,1353,0.7265336289726534,0.0029563932002956393,0.7265336289726534,83.96577,9.933165311813354
i_dc,1->6,ORB,500,500,13,0.5384615384615384,0.0,0.5384615384615384,190.25473,0.30840253829956055
i_dc,1->6,BRISK,12475,43738,853,0.757327080890973,0.010550996483001172,0.757327080890973,36.595238,3.5891666412353516
i_dc,1->6,LATCH,18093,42742,1132,0.7659010600706714,0.009717314487632508,0.7659010600706714,15.500844,8.692719459533691
i_dome,1->2,SIFT,6573,5470,1854,0.889967637540453,0.8527508090614887,0.889967637540453,13.959757,0.7140693664550781
i_dome,1->2,ORB,500,500,68,0.8676470588235294,0.7205882352941176,0.8676470588235294,8.363318,0.05768609046936035
i_dome,1->2,BRISK,6753,5158,1912,0.9429916317991632,0.8760460251046025,0.9429916317991632,5.4079957,0.48126721382141113
i_dome,1->2,LATCH,6222,5173,1722,0.9210220673635308,0.8275261324041812,0.9210220673635308,3.77646,0.9845788478851318
i_dome,1->3,SIFT,6573,6289,114,0.2631578947368421,0.14035087719298245,0.2631578947368421,186.50034,0.6114661693572998
i_dome,1->3,ORB,500,500,14,0.2857142857142857,0.07142857142857142,0.2857142857142857,142.23032,0.06612825393676758
i_dome,1->3,BRISK,6753,10723,101,0.6534653465346535,0.36633663366336633,0.6534653465346535,83.43363,0.7388176918029785
i_dome,1->3,LATCH,6222,5988,69,0.6956521739130435,0.3188405797101449,0.6956521739130435,55.36837,1.2315924167633057
i_dome,1->4,SIFT,6573,6284,153,0.28104575163398693,0.23529411764705882,0.28104575163398693,202.5449,0.5833847522735596
i_dome,1->4,ORB,500,500,14,0.14285714285714285,0.0,0.14285714285714285,392.16898,0.05768942832946777
i_dome,1->4,BRISK,6753,10997,82,0.6829268292682927,0.3780487804878049,0.6829268292682927,106.138985,0.5943245887756348
i_dome,1->4,LATCH,6222,6005,82,0.7682926829268293,0.47560975609756095,0.7682926829268293,28.206633,1.117652177810669
i_dome,1->5,SIFT,6573,6422,145,0.30344827586206896,0.2620689655172414,0.30344827586206896,197.96173,0.7617981433868408
i_dome,1->5,ORB,500,500,7,0.2857142857142857,0.14285714285714285,0.2857142857142857,134.85551,0.08260703086853027
i_dome,1->5,BRISK,6753,11001,105,0.6571428571428571,0.41904761904761906,0.6571428571428571,68.07209,0.7325289249420166
i_dome,1->5,LATCH,6222,6107,80,0.7625,0.4125,0.7625,39.99937,1.1627802848815918
i_dome,1->6,SIFT,6573,7056,459,0.7690631808278867,0.6710239651416122,0.7690631808278867,44.218605,0.7972705364227295
i_dome,1->6,ORB,500,500,10,0.6,0.2,0.6,65.98686,0.07938337326049805
i_dome,1->6,BRISK,6753,12703,569,0.8875219683655536,0.7539543057996485,0.8875219683655536,11.271405,0.8368797302246094
i_dome,1->6,LATCH,6222,6637,421,0.8479809976247031,0.667458432304038,0.8479809976247031,7.3881173,1.132277011871338
i_duda,1->2,SIFT,2097,1897,1427,0.9586545199719692,0.9397337070777856,0.9586545199719692,3.7017272,0.2868678569793701
i_duda,1->2,ORB,500,500,275,0.96,0.76,0.96,0.7024011,0.0209958553314209
i_duda,1->2,BRISK,2680,2355,1519,0.9664252797893351,0.8558262014483212,0.9664252797893351,2.0979824,0.14421916007995605
i_duda,1->2,LATCH,2097,1897,1358,0.9653902798232695,0.9359351988217968,0.9653902798232695,1.0199053,0.4090440273284912
i_duda,1->3,SIFT,2097,1601,1053,0.9487179487179487,0.9183285849952516,0.9487179487179487,5.0346675,1.7802722454071045
i_duda,1->3,ORB,500,500,150,0.92,0.5933333333333334,0.92,4.073782,0.029610157012939453
i_duda,1->3,BRISK,2680,1896,970,0.9288659793814433,0.7824742268041237,0.9288659793814433,3.0951715,0.1845850944519043
i_duda,1->3,LATCH,2097,1601,1016,0.9547244094488189,0.9015748031496063,0.9547244094488189,2.4123206,0.4746856689453125
i_duda,1->4,SIFT,2097,1239,664,0.8780120481927711,0.8328313253012049,0.8780120481927711,12.267748,0.33902597427368164
i_duda,1->4,ORB,500,500,60,0.8333333333333334,0.5166666666666667,0.8333333333333334,9.8696165,0.06003093719482422
i_duda,1->4,BRISK,2680,1466,600,0.9066666666666666,0.7766666666666666,0.9066666666666666,14.66845,0.2139434814453125
i_duda,1->4,LATCH,2097,1239,591,0.9407783417935702,0.8629441624365483,0.9407783417935702,1.9534159,0.5108418464660645
i_duda,1->5,SIFT,2097,969,450,0.84,0.7822222222222223,0.84,23.751825,0.3084237575531006
i_duda,1->5,ORB,500,500,48,0.8333333333333334,0.4583333333333333,0.8333333333333334,6.0008664,0.03058147430419922
i_duda,1->5,BRISK,2680,1111,398,0.8869346733668342,0.6733668341708543,0.8869346733668342,21.915918,0.15387797355651855
i_duda,1->5,LATCH,2097,969,395,0.9037974683544304,0.7974683544303798,0.9037974683544304,4.2110147,0.44823431968688965
i_duda,1->6,SIFT,2097,615,197,0.8324873096446701,0.7461928934010152,0.8324873096446701,25.63205,0.2911107540130615
i_duda,1->6,ORB,500,500,39,0.7692307692307693,0.6923076923076923,0.7692307692307693,21.449902,0.027853727340698242
i_duda,1->6,BRISK,2680,733,180,0.7555555555555555,0.6833333333333333,0.7555555555555555,89.39202,0.14876222610473633
i_duda,1->6,LATCH,2097,615,127,0.9291338582677166,0.7952755905511811,0.9291338582677166,4.613883,0.4480888843536377
i_fenis,1->2,SIFT,1359,1458,406,0.9507389162561576,0.874384236453202,0.9507389162561576,3.8463194,0.13601016998291016
i_fenis,1->2,ORB,500,500,172,0.9709302325581395,0.7732558139534884,0.9709302325581395,1.2655982,0.021031856536865234
i_fenis,1->2,BRISK,4475,5012,1020,0.9892156862745098,0.8372549019607843,0.9892156862745098,0.6613193,0.2844431400299072
i_fenis,1->2,LATCH,1181,1260,314,0.9490445859872612,0.7993630573248408,0.9490445859872612,0.9935054,0.20041942596435547
i_fenis,1->3,SIFT,1359,1412,177,0.8587570621468926,0.7853107344632768,0.8587570621468926,18.201332,0.11081814765930176
i_fenis,1->3,ORB,500,500,13,0.6153846153846154,0.38461538461538464,0.6153846153846154,70.26513,0.015376567840576172
i_fenis,1->3,BRISK,4475,5407,232,0.9870689655172413,0.8060344827586207,0.9870689655172413,2.779442,0.27283620834350586
i_fenis,1->3,LATCH,1181,1197,74,0.8918918918918919,0.6891891891891891,0.8918918918918919,7.3610106,0.2156519889831543
i_fenis,1->4,SIFT,1359,1149,86,0.6744186046511628,0.5930232558139535,0.6744186046511628,63.03497,0.11824250221252441
i_fenis,1->4,ORB,500,500,1,0.0,0.0,0.0,45.297073,0.017326831817626953
i_fenis,1->4,BRISK,4475,3652,16,0.4375,0.3125,0.4375,116.471756,0.2506372928619385
i_fenis,1->4,LATCH,1181,923,4,0.5,0.25,0.5,2.4063969,0.1850295066833496
i_fenis,1->5,SIFT,1359,753,82,0.6951219512195121,0.6097560975609756,0.6951219512195121,63.271397,0.12128758430480957
i_fenis,1->5,ORB,500,498,2,0.0,0.0,0.0,46.29487,0.01653265953063965
i_fenis,1->5,BRISK,4475,1943,8,0.375,0.25,0.375,109.39592,0.20429062843322754
i_fenis,1->5,LATCH,1181,580,10,0.2,0.0,0.2,190.14456,0.17092609405517578
i_fenis,1->6,SIFT,1359,710,72,0.6527777777777778,0.6527777777777778,0.6527777777777778,66.54596,0.1502392292022705
i_fenis,1->6,ORB,500,496,0,0,0,0,0,0.017710447311401367
i_fenis,1->6,BRISK,4475,1621,14,0.42857142857142855,0.2857142857142857,0.42857142857142855,90.282326,0.19873428344726562
i_fenis,1->6,LATCH,1181,518,2,0.0,0.0,0.0,160.95195,0.1646254062652588
i_fog,1->2,SIFT,1335,944,318,0.9905660377358491,0.9465408805031447,0.9905660377358491,1.6043565,0.12430953979492188
i_fog,1->2,ORB,500,478,22,0.6363636363636364,0.5454545454545454,0.6363636363636364,37.638203,0.018766164779663086
i_fog,1->2,BRISK,6219,5027,1475,0.9959322033898305,0.9444067796610169,0.9959322033898305,0.81017774,0.36582493782043457
i_fog,1->2,LATCH,1013,718,184,0.9945652173913043,0.9130434782608695,0.9945652173913043,0.36924508,0.1535348892211914
i_fog,1->3,SIFT,1335,675,202,0.9900990099009901,0.9851485148514851,0.9900990099009901,3.5140264,0.1238400936126709
i_fog,1->3,ORB,500,458,6,0.8333333333333334,0.8333333333333334,0.8333333333333334,27.41833,0.01493215560913086
i_fog,1->3,BRISK,6219,4117,1070,0.9962616822429906,0.9439252336448598,0.9962616822429906,1.2447293,0.34182286262512207
i_fog,1->3,LATCH,1013,485,119,0.9831932773109243,0.957983193277311,0.9831932773109243,0.33403483,0.18953919410705566
i_fog,1->4,SIFT,1335,513,153,0.9738562091503268,0.9673202614379085,0.9738562091503268,6.2703967,0.15663814544677734
i_fog,1->4,ORB,500,426,6,0.8333333333333334,0.5,0.8333333333333334,27.541033,0.018788814544677734
i_fog,1->4,BRISK,6219,3364,831,0.9975932611311673,0.9350180505415162,0.9975932611311673,0.43355474,0.32268691062927246
i_fog,1->4,LATCH,1013,367,86,0.9534883720930233,0.9186046511627907,0.9534883720930233,5.173193,0.18682146072387695
i_fog,1->5,SIFT,1335,451,115,0.9304347826086956,0.8956521739130435,0.9304347826086956,20.077168,0.1213064193725586
i_fog,1->5,ORB,500,384,6,0.6666666666666666,0.5,0.6666666666666666,34.425014,0.02027726173400879
i_fog,1->5,BRISK,6219,2742,653,0.9846860643185299,0.8958652373660031,0.9846860643185299,3.6885417,0.3465890884399414
i_fog,1->5,LATCH,1013,301,54,0.9444444444444444,0.8703703703703703,0.9444444444444444,5.7177176,0.15858817100524902
i_fog,1->6,SIFT,1335,405,112,0.9642857142857143,0.8839285714285714,0.9642857142857143,10.857254,0.10590314865112305
i_fog,1->6,ORB,500,367,8,0.25,0.125,0.25,104.87459,0.01348876953125
i_fog,1->6,BRISK,6219,2381,507,0.9881656804733728,0.9132149901380671,0.9881656804733728,2.4895465,0.2367229461669922
i_fog,1->6,LATCH,1013,259,45,0.9555555555555556,0.8222222222222222,0.9555555555555556,11.463726,0.12784051895141602
i_fruits,1->2,SIFT,521,555,407,0.9656019656019657,0.914004914004914,0.9656019656019657,3.2368307,0.09218931198120117
i_fruits,1->2,ORB,500,500,338,0.9526627218934911,0.9053254437869822,0.9526627218934911,4.528702,0.010880231857299805
i_fruits,1->2,BRISK,395,403,298,0.9798657718120806,0.9463087248322147,0.9798657718120806,1.0505608,0.05581068992614746
i_fruits,1->2,LATCH,467,491,337,0.9821958456973294,0.9198813056379822,0.9821958456973294,1.4152397,0.1274402141571045
i_fruits,1->3,SIFT,521,533,342,0.9649122807017544,0.8771929824561403,0.9649122807017544,3.583537,0.10829734802246094
i_fruits,1->3,ORB,500,498,243,0.9300411522633745,0.831275720164609,0.9300411522633745,6.5867915,0.009377241134643555
i_fruits,1->3,BRISK,395,417,232,0.9439655172413793,0.8922413793103449,0.9439655172413793,6.809946,0.08604907989501953
i_fruits,1->3,LATCH,467,471,289,0.9688581314878892,0.8788927335640139,0.9688581314878892,2.3977928,0.13505315780639648
i_fruits,1->4,SIFT,521,529,330,0.9575757575757575,0.8696969696969697,0.9575757575757575,4.4833784,0.09135842323303223
i_fruits,1->4,ORB,500,500,215,0.9348837209302325,0.827906976744186,0.9348837209302325,7.3769283,0.012170076370239258
i_fruits,1->4,BRISK,395,442,197,0.9289340101522843,0.8781725888324873,0.9289340101522843,10.755943,0.06414222717285156
i_fruits,1->4,LATCH,467,467,253,0.9604743083003953,0.8735177865612648,0.9604743083003953,3.312132,0.13023066520690918
i_fruits,1->5,SIFT,521,611,314,0.910828025477707,0.8248407643312102,0.910828025477707,11.051047,0.11043524742126465
i_fruits,1->5,ORB,500,500,155,0.9096774193548387,0.7290322580645161,0.9096774193548387,5.2777724,0.013029813766479492
i_fruits,1->5,BRISK,395,486,180,0.9055555555555556,0.8333333333333334,0.9055555555555556,10.856272,0.07103157043457031
i_fruits,1->5,LATCH,467,545,232,0.9525862068965517,0.8318965517241379,0.9525862068965517,3.9313338,0.1341571807861328
i_fruits,1->6,SIFT,521,594,347,0.9193083573487032,0.8097982708933718,0.9193083573487032,9.203308,0.09793281555175781
i_fruits,1->6,ORB,500,500,212,0.8915094339622641,0.7735849056603774,0.8915094339622641,13.079131,0.011944770812988281
i_fruits,1->6,BRISK,395,517,197,0.9289340101522843,0.8375634517766497,0.9289340101522843,9.309137,0.061820030212402344
i_fruits,1->6,LATCH,467,527,273,0.9706959706959707,0.8461538461538461,0.9706959706959707,3.6760774,0.13307619094848633
i_gonnenberg,1->2,SIFT,1340,1418,603,0.9601990049751243,0.8988391376451078,0.9601990049751243,3.9480739,0.08719182014465332
i_gonnenberg,1->2,ORB,500,500,246,0.9715447154471545,0.8008130081300813,0.9715447154471545,0.4694282,0.013607978820800781
i_gonnenberg,1->2,BRISK,4221,4939,1695,0.9823008849557522,0.8589970501474926,0.9823008849557522,1.1100416,0.22317934036254883
i_gonnenberg,1->2,LATCH,1162,1246,543,0.9613259668508287,0.8729281767955801,0.9613259668508287,1.2117388,0.1463320255279541
i_gonnenberg,1->3,SIFT,1340,1392,536,0.9682835820895522,0.9067164179104478,0.9682835820895522,3.8019814,0.09419393539428711
i_gonnenberg,1->3,ORB,500,500,230,0.9869565217391304,0.8304347826086956,0.9869565217391304,0.3828335,0.013726472854614258
i_gonnenberg,1->3,BRISK,4221,4513,1515,0.9782178217821782,0.8567656765676568,0.9782178217821782,1.354627,0.24621105194091797
i_gonnenberg,1->3,LATCH,1162,1224,472,0.9491525423728814,0.8622881355932204,0.9491525423728814,0.7703175,0.19611525535583496
i_gonnenberg,1->4,SIFT,1340,1353,400,0.9525,0.86,0.9525,5.73887,0.10978341102600098
i_gonnenberg,1->4,ORB,500,500,173,0.9595375722543352,0.7456647398843931,0.9595375722543352,0.6618336,0.019059419631958008
i_gonnenberg,1->4,BRISK,4221,5356,942,0.9787685774946921,0.826963906581741,0.9787685774946921,2.1336782,0.30106186866760254
i_gonnenberg,1->4,LATCH,1162,1149,341,0.9296187683284457,0.8093841642228738,0.9296187683284457,1.1312683,0.19284892082214355
i_gonnenberg,1->5,SIFT,1340,1164,408,0.9485294117647058,0.8578431372549019,0.9485294117647058,4.9036374,0.11022043228149414
i_gonnenberg,1->5,ORB,500,500,230,0.9695652173913043,0.8217391304347826,0.9695652173913043,0.9186185,0.016805410385131836
i_gonnenberg,1->5,BRISK,4221,3542,1138,0.9876977152899824,0.8427065026362038,0.9876977152899824,0.94016474,0.23842382431030273
i_gonnenberg,1->5,LATCH,1162,1001,347,0.9279538904899135,0.7867435158501441,0.9279538904899135,0.8267101,0.17741656303405762
i_gonnenberg,1->6,SIFT,1340,1292,481,0.9501039501039501,0.8669438669438669,0.9501039501039501,3.7926648,0.11967825889587402
i_gonnenberg,1->6,ORB,500,500,250,0.976,0.816,0.976,1.6226313,0.019637107849121094
i_gonnenberg,1->6,BRISK,4221,4272,1358,0.9860088365243005,0.8431516936671576,0.9860088365243005,1.230817,0.286268949508667
i_gonnenberg,1->6,LATCH,1162,1119,424,0.9386792452830188,0.8066037735849056,0.9386792452830188,2.3201413,0.1915602684020996
i_greenhouse,1->2,SIFT,2714,2363,316,0.9050632911392406,0.8227848101265823,0.9050632911392406,9.865207,0.12458229064941406
i_greenhouse,1->2,ORB,500,500,26,0.7307692307692307,0.5769230769230769,0.7307692307692307,38.822437,0.019481182098388672
i_greenhouse,1->2,BRISK,8425,6751,430,0.9441860465116279,0.8232558139534883,0.9441860465116279,9.33096,0.4184892177581787
i_greenhouse,1->2,LATCH,2311,1952,214,0.9299065420560748,0.8037383177570093,0.9299065420560748,0.8506107,0.23927807807922363
i_greenhouse,1->3,SIFT,2714,2971,339,0.9233038348082596,0.8141592920353983,0.9233038348082596,15.758326,0.15778613090515137
i_greenhouse,1->3,ORB,500,500,43,0.7209302325581395,0.5116279069767442,0.7209302325581395,11.639429,0.0205233097076416
i_greenhouse,1->3,BRISK,8425,10111,390,0.9153846153846154,0.7076923076923077,0.9153846153846154,12.171454,0.621673583984375
i_greenhouse,1->3,LATCH,2311,2529,176,0.9772727272727273,0.7443181818181818,0.9772727272727273,0.9024004,0.32793712615966797
i_greenhouse,1->4,SIFT,2714,3017,267,0.8801498127340824,0.7303370786516854,0.8801498127340824,14.607183,0.15354251861572266
i_greenhouse,1->4,ORB,500,500,21,0.8571428571428571,0.3333333333333333,0.8571428571428571,11.006493,0.027508258819580078
i_greenhouse,1->4,BRISK,8425,10273,277,0.927797833935018,0.6642599277978339,0.927797833935018,11.305219,0.6272063255310059
i_greenhouse,1->4,LATCH,2311,2608,133,0.9398496240601504,0.6766917293233082,0.9398496240601504,1.0290929,0.3345160484313965
i_greenhouse,1->5,SIFT,2714,3272,225,0.8755555555555555,0.6177777777777778,0.8755555555555555,24.443794,0.15993881225585938
i_greenhouse,1->5,ORB,500,500,18,0.6111111111111112,0.16666666666666666,0.6111111111111112,46.687557,0.027965307235717773
i_greenhouse,1->5,BRISK,8425,10662,255,0.8980392156862745,0.5607843137254902,0.8980392156862745,18.588202,0.6423344612121582
i_greenhouse,1->5,LATCH,2311,2804,112,0.9732142857142857,0.625,0.9732142857142857,1.3148807,0.3549318313598633
i_greenhouse,1->6,SIFT,2714,3359,167,0.8383233532934131,0.5269461077844312,0.8383233532934131,31.722937,0.16214823722839355
i_greenhouse,1->6,ORB,500,500,7,0.5714285714285714,0.2857142857142857,0.5714285714285714,69.28356,0.02718043327331543
i_greenhouse,1->6,BRISK,8425,11067,172,0.8372093023255814,0.47093023255813954,0.8372093023255814,30.735228,0.6599993705749512
i_greenhouse,1->6,LATCH,2311,2896,90,0.9,0.4888888888888889,0.9,1.4581884,0.37687230110168457
i_greentea,1->2,SIFT,4204,3278,1735,0.9688760806916427,0.960806916426513,0.9688760806916427,3.8891964,0.278719425201416
i_greentea,1->2,ORB,500,500,157,0.9554140127388535,0.8853503184713376,0.9554140127388535,3.3326695,0.025203704833984375
i_greentea,1->2,BRISK,3591,3150,668,0.9550898203592815,0.9041916167664671,0.9550898203592815,6.2547426,0.20641851425170898
i_greentea,1->2,LATCH,3984,3100,940,0.9627659574468085,0.9351063829787234,0.9627659574468085,0.958595,0.41296815872192383
i_greentea,1->3,SIFT,4204,4979,2461,0.9817147501015847,0.9654611946363267,0.9817147501015847,2.3326206,0.269794225692749
i_greentea,1->3,ORB,500,500,178,0.9719101123595506,0.9157303370786517,0.9719101123595506,2.9067068,0.027753353118896484
i_greentea,1->3,BRISK,3591,4796,1113,0.977538185085355,0.917340521114106,0.977538185085355,1.6346456,0.2814507484436035
i_greentea,1->3,LATCH,3984,4741,1401,0.9707351891506067,0.9286224125624554,0.9707351891506067,0.65305746,0.7505385875701904
i_greentea,1->4,SIFT,4204,4788,2507,0.9848424411647387,0.9680893498205025,0.9848424411647387,1.7927506,0.43732476234436035
i_greentea,1->4,ORB,500,500,180,0.9666666666666667,0.9111111111111111,0.9666666666666667,1.8386995,0.04418039321899414
i_greentea,1->4,BRISK,3591,4306,1274,0.9772370486656201,0.9317111459968603,0.9772370486656201,1.3745294,0.354093074798584
i_greentea,1->4,LATCH,3984,4533,1446,0.9661134163208852,0.9246196403872753,0.9661134163208852,0.4660995,0.9369711875915527
i_greentea,1->5,SIFT,4204,3893,2244,0.9799465240641712,0.9634581105169341,0.9799465240641712,1.8969983,0.4270322322845459
i_greentea,1->5,ORB,500,500,115,0.9043478260869565,0.8434782608695652,0.9043478260869565,18.488674,0.04535269737243652
i_greentea,1->5,BRISK,3591,2950,1223,0.9697465249386754,0.9125102207686018,0.9697465249386754,1.5430291,0.36067700386047363
i_greentea,1->5,LATCH,3984,3645,1405,0.9508896797153025,0.9060498220640569,0.9508896797153025,1.0978057,0.7826218605041504
i_greentea,1->6,SIFT,4204,2607,1313,0.9535415079969536,0.9314546839299315,0.9535415079969536,5.32591,0.37903928756713867
i_greentea,1->6,ORB,500,500,30,0.9333333333333333,0.8666666666666667,0.9333333333333333,13.475378,0.042136192321777344
i_greentea,1->6,BRISK,3591,2238,636,0.9512578616352201,0.8773584905660378,0.9512578616352201,1.7720199,1.7908830642700195
i_greentea,1->6,LATCH,3984,2408,804,0.8793532338308457,0.8345771144278606,0.8793532338308457,3.7921555,0.5947258472442627
i_indiana,1->2,SIFT,5664,7153,564,0.9113475177304965,0.7960992907801419,0.9113475177304965,21.768076,0.7363402843475342
i_indiana,1->2,ORB,500,500,62,0.9032258064516129,0.6935483870967742,0.9032258064516129,12.061718,0.08434891700744629
i_indiana,1->2,BRISK,6660,11021,783,0.9527458492975734,0.7637292464878672,0.9527458492975734,7.0076156,0.8006381988525391
i_indiana,1->2,LATCH,5288,6755,536,0.9309701492537313,0.7350746268656716,0.9309701492537313,4.6092005,1.0735516548156738
i_indiana,1->3,SIFT,5664,8400,375,0.872,0.712,0.872,29.910265,0.8569653034210205
i_indiana,1->3,ORB,500,500,35,0.8285714285714286,0.5142857142857142,0.8285714285714286,21.765802,0.10448312759399414
i_indiana,1->3,BRISK,6660,13808,523,0.9426386233269598,0.7170172084130019,0.9426386233269598,9.071591,1.0798287391662598
i_indiana,1->3,LATCH,5288,7893,365,0.9534246575342465,0.6876712328767123,0.9534246575342465,4.131149,1.4338788986206055
i_indiana,1->4,SIFT,5664,8901,222,0.7927927927927928,0.6486486486486487,0.7927927927927928,66.56429,1.0022568702697754
i_indiana,1->4,ORB,500,500,11,0.8181818181818182,0.7272727272727273,0.8181818181818182,0.8075277,0.12140965461730957
i_indiana,1->4,BRISK,6660,15025,240,0.9333333333333333,0.775,0.9333333333333333,7.534105,1.1932520866394043
i_indiana,1->4,LATCH,5288,8314,176,0.9431818181818182,0.6477272727272727,0.9431818181818182,11.356113,1.3707470893859863
i_indiana,1->5,SIFT,5664,9220,176,0.7329545454545454,0.5681818181818182,0.7329545454545454,107.7842,0.7317769527435303
i_indiana,1->5,ORB,500,500,2,1.0,1.0,1.0,0.5,0.06692171096801758
i_indiana,1->5,BRISK,6660,15653,172,0.8953488372093024,0.686046511627907,0.8953488372093024,16.402258,0.8692800998687744
i_indiana,1->5,LATCH,5288,8590,129,0.8992248062015504,0.6434108527131783,0.8992248062015504,18.05335,1.481848955154419
i_indiana,1->6,SIFT,5664,9382,112,0.7678571428571429,0.625,0.7678571428571429,78.903854,0.8538477420806885
i_indiana,1->6,ORB,500,500,5,0.4,0.4,0.4,241.47282,0.08242464065551758
i_indiana,1->6,BRISK,6660,15897,119,0.8403361344537815,0.680672268907563,0.8403361344537815,39.51775,1.0118238925933838
i_indiana,1->6,LATCH,5288,8791,91,0.8461538461538461,0.5824175824175825,0.8461538461538461,21.452766,1.2368497848510742
i_kions,1->2,SIFT,2070,2726,162,0.6975308641975309,0.2037037037037037,0.6975308641975309,67.807144,0.16580581665039062
i_kions,1->2,ORB,500,500,17,0.29411764705882354,0.11764705882352941,0.29411764705882354,55.468594,0.01938629150390625
i_kions,1->2,BRISK,2193,2752,151,0.6622516556291391,0.17218543046357615,0.6622516556291391,46.93763,0.14665603637695312
i_kions,1->2,LATCH,1892,2247,118,0.7288135593220338,0.13559322033898305,0.7288135593220338,31.185253,0.2953493595123291
i_kions,1->3,SIFT,2070,2059,170,0.5176470588235295,0.40588235294117647,0.5176470588235295,94.13165,0.22088956832885742
i_kions,1->3,ORB,500,500,32,0.5625,0.40625,0.5625,79.12861,0.03345823287963867
i_kions,1->3,BRISK,2193,2862,134,0.6044776119402985,0.44776119402985076,0.6044776119402985,77.49917,0.20466899871826172
i_kions,1->3,LATCH,1892,1880,72,0.6666666666666666,0.4305555555555556,0.6666666666666666,56.456284,0.31951904296875
i_kions,1->4,SIFT,2070,997,75,0.29333333333333333,0.06666666666666667,0.29333333333333333,148.64467,0.11445045471191406
i_kions,1->4,ORB,500,500,16,0.5,0.25,0.5,65.56097,0.013913393020629883
i_kions,1->4,BRISK,2193,684,78,0.3076923076923077,0.16666666666666666,0.3076923076923077,115.404434,0.08928346633911133
i_kions,1->4,LATCH,1892,985,27,0.4074074074074074,0.1111111111111111,0.4074074074074074,122.28436,0.2158336639404297
i_kions,1->5,SIFT,2070,837,64,0.375,0.109375,0.375,131.24103,0.13666558265686035
i_kions,1->5,ORB,500,500,27,0.48148148148148145,0.2222222222222222,0.48148148148148145,87.76308,0.016059398651123047
i_kions,1->5,BRISK,2193,650,71,0.36619718309859156,0.11267605633802817,0.36619718309859156,111.81767,0.11171317100524902
i_kions,1->5,LATCH,1892,832,43,0.37209302325581395,0.09302325581395349,0.37209302325581395,95.66457,0.2424609661102295
i_kions,1->6,SIFT,2070,2614,111,0.5495495495495496,0.5315315315315315,0.5495495495495496,106.38578,0.18181681632995605
i_kions,1->6,ORB,500,500,24,0.625,0.5833333333333334,0.625,73.45368,0.027256250381469727
i_kions,1->6,BRISK,2193,3613,126,0.7380952380952381,0.5952380952380952,0.7380952380952381,53.49426,0.21274995803833008
i_kions,1->6,LATCH,1892,2308,43,0.7674418604651163,0.6744186046511628,0.7674418604651163,44.858326,0.3666567802429199
i_ktirio,1->2,SIFT,1838,1860,1027,0.8675754625121713,0.8412852969814996,0.8675754625121713,14.483237,0.14324331283569336
i_ktirio,1->2,ORB,500,500,414,0.9782608695652174,0.9444444444444444,0.9782608695652174,0.897715,0.017891883850097656
i_ktirio,1->2,BRISK,1826,1818,1229,0.9560618388934092,0.887713588283157,0.9560618388934092,3.7570481,0.13538479804992676
i_ktirio,1->2,LATCH,1700,1705,1042,0.9021113243761996,0.8378119001919386,0.9021113243761996,3.1349506,0.27814340591430664
i_ktirio,1->3,SIFT,1838,1669,262,0.5801526717557252,0.4770992366412214,0.5801526717557252,50.95243,0.1392366886138916
i_ktirio,1->3,ORB,500,500,119,0.7563025210084033,0.5882352941176471,0.7563025210084033,22.162003,0.016730546951293945
i_ktirio,1->3,BRISK,1826,1708,273,0.7472527472527473,0.6007326007326007,0.7472527472527473,22.8687,0.13053011894226074
i_ktirio,1->3,LATCH,1700,1501,245,0.763265306122449,0.5469387755102041,0.763265306122449,5.8953114,0.24003338813781738
i_ktirio,1->4,SIFT,1838,1367,119,0.40336134453781514,0.3865546218487395,0.40336134453781514,68.01978,0.14933061599731445
i_ktirio,1->4,ORB,500,500,34,0.6176470588235294,0.5882352941176471,0.6176470588235294,52.956223,0.017857789993286133
i_ktirio,1->4,BRISK,1826,1299,93,0.5053763440860215,0.45161290322580644,0.5053763440860215,74.94467,0.13679218292236328
i_ktirio,1->4,LATCH,1700,1232,58,0.603448275862069,0.46551724137931033,0.603448275862069,27.623238,0.28978896141052246
i_ktirio,1->5,SIFT,1838,1627,193,0.5906735751295337,0.45595854922279794,0.5906735751295337,71.47047,0.19515514373779297
i_ktirio,1->5,ORB,500,500,79,0.6582278481012658,0.5189873417721519,0.6582278481012658,26.467848,0.02213454246520996
i_ktirio,1->5,BRISK,1826,1828,232,0.7327586206896551,0.5689655172413793,0.7327586206896551,35.909386,0.14752840995788574
i_ktirio,1->5,LATCH,1700,1466,178,0.8146067415730337,0.5561797752808989,0.8146067415730337,5.513057,0.20844221115112305
i_ktirio,1->6,SIFT,1838,1319,124,0.25806451612903225,0.22580645161290322,0.25806451612903225,145.32516,0.12045407295227051
i_ktirio,1->6,ORB,500,500,18,0.1111111111111111,0.0,0.1111111111111111,134.1717,0.013194084167480469
i_ktirio,1->6,BRISK,1826,1609,77,0.4675324675324675,0.33766233766233766,0.4675324675324675,84.75693,0.11167669296264648
i_ktirio,1->6,LATCH,1700,1173,33,0.6666666666666666,0.5151515151515151,0.6666666666666666,17.176891,0.21322274208068848
i_kurhaus,1->2,SIFT,9261,9232,3081,0.9737098344693281,0.9393054203180785,0.9737098344693281,3.2339559,0.8005416393280029
i_kurhaus,1->2,ORB,500,500,232,0.9612068965517241,0.8362068965517241,0.9612068965517241,3.2788875,0.060526371002197266
i_kurhaus,1->2,BRISK,15871,15591,7208,0.9848779134295228,0.9074639289678136,0.9848779134295228,1.1786145,1.2779755592346191
i_kurhaus,1->2,LATCH,8758,8713,2894,0.949550794747754,0.8852798894263995,0.949550794747754,1.0591487,1.0672633647918701
i_kurhaus,1->3,SIFT,9261,9068,2140,0.9640186915887851,0.9163551401869159,0.9640186915887851,4.4657016,2.13332200050354
i_kurhaus,1->3,ORB,500,500,164,0.9390243902439024,0.8109756097560976,0.9390243902439024,6.7641573,0.07762360572814941
i_kurhaus,1->3,BRISK,15871,15138,4847,0.9787497421085207,0.8679595626160511,0.9787497421085207,2.0579531,1.154984951019287
i_kurhaus,1->3,LATCH,8758,8498,1980,0.9464646464646465,0.8616161616161616,0.9464646464646465,1.4039437,1.1633508205413818
i_kurhaus,1->4,SIFT,9261,9067,1655,0.9564954682779456,0.8990936555891239,0.9564954682779456,8.481126,0.760230541229248
i_kurhaus,1->4,ORB,500,500,141,0.9290780141843972,0.7446808510638298,0.9290780141843972,14.535975,0.07703733444213867
i_kurhaus,1->4,BRISK,15871,14739,3577,0.9809896561364272,0.8462398658093374,0.9809896561364272,1.4319074,1.2646865844726562
i_kurhaus,1->4,LATCH,8758,8482,1512,0.9490740740740741,0.8406084656084656,0.9490740740740741,1.6536332,1.0442306995391846
i_kurhaus,1->5,SIFT,9261,8589,1129,0.9211691762621789,0.8494242692648362,0.9211691762621789,20.97841,0.636622428894043
i_kurhaus,1->5,ORB,500,500,101,0.9108910891089109,0.6435643564356436,0.9108910891089109,9.321207,0.07441377639770508
i_kurhaus,1->5,BRISK,15871,13832,2346,0.9710144927536232,0.7770673486786018,0.9710144927536232,4.242503,1.1824424266815186
i_kurhaus,1->5,LATCH,8758,8049,996,0.9467871485943775,0.8102409638554217,0.9467871485943775,1.9634336,1.177337884902954
i_kurhaus,1->6,SIFT,9261,8310,676,0.900887573964497,0.8091715976331361,0.900887573964497,32.875618,0.819087028503418
i_kurhaus,1->6,ORB,500,500,87,0.9195402298850575,0.7011494252873564,0.9195402298850575,3.3881495,0.08970332145690918
i_kurhaus,1->6,BRISK,15871,14035,1471,0.9639700883752549,0.7151597552685248,0.9639700883752549,5.3049016,1.4008171558380127
i_kurhaus,1->6,LATCH,8758,7728,632,0.9224683544303798,0.7373417721518988,0.9224683544303798,5.9950476,1.319373607635498
i_leuven,1->2,SIFT,997,1729,648,0.9614197530864198,0.7006172839506173,0.9614197530864198,7.589571,0.2368178367614746
i_leuven,1->2,ORB,500,500,302,0.9470198675496688,0.5132450331125827,0.9470198675496688,3.1136131,0.020050048828125
i_leuven,1->2,BRISK,719,1241,438,0.954337899543379,0.6484018264840182,0.954337899543379,1.4648224,0.09938788414001465
i_leuven,1->2,LATCH,791,1395,561,0.9732620320855615,0.7290552584670231,0.9732620320855615,0.87494725,0.31754565238952637
i_leuven,1->3,SIFT,997,2449,570,0.9543859649122807,0.5771929824561404,0.9543859649122807,4.7138553,0.2170100212097168
i_leuven,1->3,ORB,500,500,223,0.905829596412556,0.37668161434977576,0.905829596412556,3.4861333,0.021730899810791016
i_leuven,1->3,BRISK,719,1950,393,0.9312977099236641,0.48854961832061067,0.9312977099236641,4.886634,0.11894750595092773
i_leuven,1->3,LATCH,791,2012,491,0.9613034623217923,0.5784114052953157,0.9613034623217923,1.3450568,0.32786989212036133
i_leuven,1->4,SIFT,997,3015,404,0.8985148514851485,0.3935643564356436,0.8985148514851485,10.950895,0.2251741886138916
i_leuven,1->4,ORB,500,500,92,0.8586956521739131,0.15217391304347827,0.8586956521739131,5.348871,0.021440505981445312
i_leuven,1->4,BRISK,719,2650,253,0.9130434782608695,0.33992094861660077,0.9130434782608695,4.6362276,0.1350717544555664
i_leuven,1->4,LATCH,791,2530,371,0.9083557951482479,0.41509433962264153,0.9083557951482479,2.8545997,0.35741138458251953
i_leuven,1->5,SIFT,997,3305,214,0.8691588785046729,0.48598130841121495,0.8691588785046729,27.56163,0.22357392311096191
i_leuven,1->5,ORB,500,500,26,0.6538461538461539,0.3076923076923077,0.6538461538461539,45.511726,0.020123958587646484
i_leuven,1->5,BRISK,719,3104,131,0.8931297709923665,0.40458015267175573,0.8931297709923665,9.852459,0.10902905464172363
i_leuven,1->5,LATCH,791,2850,185,0.9405405405405406,0.5027027027027027,0.9405405405405406,2.768882,0.30139875411987305
i_leuven,1->6,SIFT,997,3297,78,0.4358974358974359,0.07692307692307693,0.4358974358974359,145.58337,0.22067713737487793
i_leuven,1->6,ORB,500,500,6,0.0,0.0,0.0,358.7338,0.022853851318359375
i_leuven,1->6,BRISK,719,2944,56,0.5178571428571429,0.10714285714285714,0.5178571428571429,44.457848,0.1498095989227295
i_leuven,1->6,LATCH,791,2890,90,0.6666666666666666,0.12222222222222222,0.6666666666666666,3.3308837,0.33489155769348145
i_lionday,1->2,SIFT,1355,865,78,0.5256410256410257,0.14102564102564102,0.5256410256410257,77.55148,0.11151957511901855
i_lionday,1->2,ORB,500,500,36,0.6944444444444444,0.16666666666666666,0.6944444444444444,23.752821,0.011960029602050781
i_lionday,1->2,BRISK,1276,668,45,0.4444444444444444,0.13333333333333333,0.4444444444444444,37.659225,0.0829763412475586
i_lionday,1->2,LATCH,1257,809,63,0.5714285714285714,0.15873015873015872,0.5714285714285714,37.588383,0.1730022430419922
i_lionday,1->3,SIFT,1355,1590,132,0.7272727272727273,0.22727272727272727,0.7272727272727273,28.81804,0.15653395652770996
i_lionday,1->3,ORB,500,500,58,0.8793103448275862,0.41379310344827586,0.8793103448275862,1.7324378,0.01628732681274414
i_lionday,1->3,BRISK,1276,1616,120,0.7083333333333334,0.225,0.7083333333333334,8.661832,0.11271476745605469
i_lionday,1->3,LATCH,1257,1480,88,0.75,0.3068181818181818,0.75,15.967829,0.22773265838623047
i_lionday,1->4,SIFT,1355,783,47,0.44680851063829785,0.0425531914893617,0.44680851063829785,48.75077,0.12654781341552734
i_lionday,1->4,ORB,500,500,5,1.0,0.0,1.0,1.8401804,0.011770486831665039
i_lionday,1->4,BRISK,1276,703,15,0.3333333333333333,0.06666666666666667,0.3333333333333333,95.54618,0.07249951362609863
i_lionday,1->4,LATCH,1257,696,17,0.47058823529411764,0.0,0.47058823529411764,45.253414,0.1549696922302246
i_lionday,1->5,SIFT,1355,1360,73,0.4520547945205479,0.0273972602739726,0.4520547945205479,85.53763,0.10727620124816895
i_lionday,1->5,ORB,500,500,18,0.7777777777777778,0.3333333333333333,0.7777777777777778,24.519648,0.014686107635498047
i_lionday,1->5,BRISK,1276,1142,35,0.6571428571428571,0.02857142857142857,0.6571428571428571,23.151892,0.07790899276733398
i_lionday,1->5,LATCH,1257,1222,41,0.3902439024390244,0.0,0.3902439024390244,55.50378,0.18033528327941895
i_lionday,1->6,SIFT,1355,1532,119,0.6554621848739496,0.09243697478991597,0.6554621848739496,22.254301,0.11333847045898438
i_lionday,1->6,ORB,500,500,42,0.8571428571428571,0.16666666666666666,0.8571428571428571,6.303291,0.011907815933227539
i_lionday,1->6,BRISK,1276,1515,103,0.6990291262135923,0.14563106796116504,0.6990291262135923,11.242499,0.08261227607727051
i_lionday,1->6,LATCH,1257,1418,104,0.6923076923076923,0.09615384615384616,0.6923076923076923,10.885594,0.18266820907592773
i_lionnight,1->2,SIFT,2886,3614,281,0.7330960854092526,0.35231316725978645,0.7330960854092526,19.185503,0.14977240562438965
i_lionnight,1->2,ORB,500,500,57,0.3684210526315789,0.21052631578947367,0.3684210526315789,35.702885,0.019814014434814453
i_lionnight,1->2,BRISK,2867,3748,538,0.7565055762081785,0.3252788104089219,0.7565055762081785,16.988604,0.18208837509155273
i_lionnight,1->2,LATCH,2576,3338,485,0.7360824742268042,0.27422680412371137,0.7360824742268042,8.747384,0.2967500686645508
i_lionnight,1->3,SIFT,2886,2775,157,0.5414012738853503,0.025477707006369428,0.5414012738853503,28.95504,0.15088367462158203
i_lionnight,1->3,ORB,500,500,47,0.2765957446808511,0.1276595744680851,0.2765957446808511,42.33189,0.020302534103393555
i_lionnight,1->3,BRISK,2867,2700,247,0.659919028340081,0.12550607287449392,0.659919028340081,32.362663,0.15338706970214844
i_lionnight,1->3,LATCH,2576,2530,226,0.6371681415929203,0.07079646017699115,0.6371681415929203,13.474261,0.27369189262390137
i_lionnight,1->4,SIFT,2886,3171,585,0.7914529914529914,0.20854700854700856,0.7914529914529914,9.002533,0.13498234748840332
i_lionnight,1->4,ORB,500,500,99,0.3434343434343434,0.16161616161616163,0.3434343434343434,34.167553,0.01994943618774414
i_lionnight,1->4,BRISK,2867,2772,771,0.6601815823605707,0.1815823605706874,0.6601815823605707,19.027538,0.15427827835083008
i_lionnight,1->4,LATCH,2576,2889,710,0.7422535211267606,0.15774647887323945,0.7422535211267606,7.2050366,0.2791938781738281
i_lionnight,1->5,SIFT,2886,3120,570,0.8771929824561403,0.22280701754385965,0.8771929824561403,7.5093174,0.12975597381591797
i_lionnight,1->5,ORB,500,500,91,0.3516483516483517,0.14285714285714285,0.3516483516483517,28.432692,0.019097566604614258
i_lionnight,1->5,BRISK,2867,2220,755,0.7536423841059603,0.23576158940397351,0.7536423841059603,14.215925,0.15294384956359863
i_lionnight,1->5,LATCH,2576,2824,679,0.8055964653902798,0.18409425625920472,0.8055964653902798,5.531772,0.2833688259124756
i_lionnight,1->6,SIFT,2886,3151,407,0.7592137592137592,0.12776412776412777,0.7592137592137592,18.406141,0.14115047454833984
i_lionnight,1->6,ORB,500,500,74,0.32432432432432434,0.21621621621621623,0.32432432432432434,45.75343,0.02085733413696289
i_lionnight,1->6,BRISK,2867,3425,708,0.713276836158192,0.1850282485875706,0.713276836158192,18.95919,0.16660213470458984
i_lionnight,1->6,LATCH,2576,2872,553,0.7956600361663653,0.14466546112115733,0.7956600361663653,5.883616,0.29421544075012207
i_londonbridge,1->2,SIFT,4038,4468,1808,0.09292035398230089,0.00165929203539823,0.09292035398230089,14.382926,0.48956799507141113
i_londonbridge,1->2,ORB,500,500,214,0.27102803738317754,0.014018691588785047,0.27102803738317754,3.6972828,0.040654897689819336
i_londonbridge,1->2,BRISK,6182,7967,2994,0.09552438209752839,0.0026720106880427524,0.09552438209752839,6.9386444,0.3707311153411865
i_londonbridge,1->2,LATCH,3840,4235,1978,0.10768452982810921,0.00455005055611729,0.10768452982810921,4.7624555,0.7417166233062744
i_londonbridge,1->3,SIFT,4038,7747,1132,0.5123674911660777,0.007067137809187279,0.5123674911660777,29.317268,0.5877289772033691
i_londonbridge,1->3,ORB,500,500,56,0.44642857142857145,0.07142857142857142,0.44642857142857145,34.057117,0.07559347152709961
i_londonbridge,1->3,BRISK,6182,12609,1891,0.5013220518244316,0.007403490216816499,0.5013220518244316,8.827379,0.5577349662780762
i_londonbridge,1->3,LATCH,3840,7304,1399,0.5253752680486061,0.008577555396711936,0.5253752680486061,3.0961304,0.8224062919616699
i_londonbridge,1->4,SIFT,4038,7664,990,0.2191919191919192,0.00101010101010101,0.2191919191919192,31.312004,0.6416494846343994
i_londonbridge,1->4,ORB,500,500,47,0.2553191489361702,0.02127659574468085,0.2553191489361702,66.45064,0.053426504135131836
i_londonbridge,1->4,BRISK,6182,11982,1285,0.2396887159533074,0.004669260700389105,0.2396887159533074,14.797412,0.6189806461334229
i_londonbridge,1->4,LATCH,3840,7327,939,0.23961661341853036,0.002129925452609159,0.23961661341853036,6.78139,2.429885149002075
i_londonbridge,1->5,SIFT,4038,4750,232,0.0,0.0,0.0,143.95998,0.5620908737182617
i_londonbridge,1->5,ORB,500,500,15,0.0,0.0,0.0,189.10919,0.04957008361816406
i_londonbridge,1->5,BRISK,6182,6124,277,0.007220216606498195,0.0,0.007220216606498195,74.56037,0.408221960067749
i_londonbridge,1->5,LATCH,3840,4618,122,0.0,0.0,0.0,13.803727,0.8955020904541016
i_londonbridge,1->6,SIFT,4038,8034,144,0.5763888888888888,0.013888888888888888,0.5763888888888888,203.10918,0.6661274433135986
i_londonbridge,1->6,ORB,500,500,5,0.2,0.0,0.2,426.29736,0.051988840103149414
i_londonbridge,1->6,BRISK,6182,11700,436,0.8165137614678899,0.034403669724770644,0.8165137614678899,34.48677,0.606334924697876
i_londonbridge,1->6,LATCH,3840,7547,321,0.8504672897196262,0.06853582554517133,0.8504672897196262,4.5113635,0.989980936050415
i_melon,1->2,SIFT,1018,1138,603,0.9618573797678275,0.8723051409618574,0.9618573797678275,4.016541,0.1615452766418457
i_melon,1->2,ORB,500,500,237,0.919831223628692,0.7805907172995781,0.919831223628692,3.7814643,0.018605709075927734
i_melon,1->2,BRISK,1717,2064,931,0.9430719656283566,0.8345864661654135,0.9430719656283566,2.3453166,0.1331324577331543
i_melon,1->2,LATCH,945,1049,548,0.9653284671532847,0.8521897810218978,0.9653284671532847,1.6707475,0.2450723648071289
i_melon,1->3,SIFT,1018,1015,304,0.9243421052631579,0.8223684210526315,0.9243421052631579,4.6191535,0.16439485549926758
i_melon,1->3,ORB,500,500,119,0.8571428571428571,0.6386554621848739,0.8571428571428571,4.997455,0.018247127532958984
i_melon,1->3,BRISK,1717,2062,493,0.920892494929006,0.6896551724137931,0.920892494929006,2.418065,0.1290433406829834
i_melon,1->3,LATCH,945,939,297,0.9225589225589226,0.7508417508417509,0.9225589225589226,1.6698434,0.2438373565673828
i_melon,1->4,SIFT,1018,783,41,0.7317073170731707,0.5365853658536586,0.7317073170731707,50.407375,0.1784987449645996
i_melon,1->4,ORB,500,500,36,0.6944444444444444,0.3888888888888889,0.6944444444444444,12.408032,0.017700672149658203
i_melon,1->4,BRISK,1717,1694,61,0.7868852459016393,0.6885245901639344,0.7868852459016393,10.45761,0.12575292587280273
i_melon,1->4,LATCH,945,757,42,0.6904761904761905,0.4523809523809524,0.6904761904761905,20.652468,0.24046993255615234
i_melon,1->5,SIFT,1018,1155,311,0.9421221864951769,0.7717041800643086,0.9421221864951769,10.184022,0.17842435836791992
i_melon,1->5,ORB,500,500,103,0.8058252427184466,0.6699029126213593,0.8058252427184466,1.3211395,0.018629789352416992
i_melon,1->5,BRISK,1717,1964,384,0.9505208333333334,0.7447916666666666,0.9505208333333334,2.8725615,0.13660168647766113
i_melon,1->5,LATCH,945,1069,255,0.9176470588235294,0.7098039215686275,0.9176470588235294,2.1056535,0.25234150886535645
i_melon,1->6,SIFT,1018,1015,222,0.9099099099099099,0.7702702702702703,0.9099099099099099,13.47911,0.1769883632659912
i_melon,1->6,ORB,500,500,70,0.8714285714285714,0.6571428571428571,0.8714285714285714,10.988894,0.024356365203857422
i_melon,1->6,BRISK,1717,1855,284,0.9225352112676056,0.7429577464788732,0.9225352112676056,3.1137722,0.12867140769958496
i_melon,1->6,LATCH,945,953,179,0.9050279329608939,0.7206703910614525,0.9050279329608939,3.5006807,0.25729990005493164
i_miniature,1->2,SIFT,3754,3555,1454,0.9105914718019257,0.8177441540577717,0.9105914718019257,6.776887,0.24365758895874023
i_miniature,1->2,ORB,500,500,156,0.9230769230769231,0.8012820512820513,0.9230769230769231,5.385393,0.03259730339050293
i_miniature,1->2,BRISK,6159,5668,2014,0.9175769612711023,0.76266137040715,0.9175769612711023,5.715582,0.3979349136352539
i_miniature,1->2,LATCH,3564,3360,1484,0.9346361185983828,0.8106469002695418,0.9346361185983828,2.762194,0.5088772773742676
i_miniature,1->3,SIFT,3754,2992,485,0.8,0.7010309278350515,0.8,28.970575,0.21727943420410156
i_miniature,1->3,ORB,500,500,46,0.782608695652174,0.6956521739130435,0.782608695652174,18.927315,0.026434659957885742
i_miniature,1->3,BRISK,6159,4388,484,0.8739669421487604,0.7045454545454546,0.8739669421487604,16.480604,0.31560182571411133
i_miniature,1->3,LATCH,3564,2818,425,0.9317647058823529,0.7129411764705882,0.9317647058823529,1.7835176,0.47298455238342285
i_miniature,1->4,SIFT,3754,2208,141,0.6595744680851063,0.5886524822695035,0.6595744680851063,81.71407,0.20599937438964844
i_miniature,1->4,ORB,500,500,19,0.7368421052631579,0.47368421052631576,0.7368421052631579,61.42857,0.025354623794555664
i_miniature,1->4,BRISK,6159,3152,112,0.7232142857142857,0.5892857142857143,0.7232142857142857,57.940884,0.29138970375061035
i_miniature,1->4,LATCH,3564,2062,73,0.8904109589041096,0.6575342465753424,0.8904109589041096,12.259206,0.3360772132873535
i_miniature,1->5,SIFT,3754,1285,97,0.4948453608247423,0.38144329896907214,0.4948453608247423,130.53113,0.1719226837158203
i_miniature,1->5,ORB,500,500,2,0.5,0.5,0.5,106.72296,0.01730036735534668
i_miniature,1->5,BRISK,6159,1706,57,0.6842105263157895,0.5789473684210527,0.6842105263157895,68.08532,0.18059206008911133
i_miniature,1->5,LATCH,3564,1198,24,0.875,0.5416666666666666,0.875,31.065407,0.2878994941711426
i_miniature,1->6,SIFT,3754,3012,461,0.8481561822125814,0.7266811279826464,0.8481561822125814,25.767021,0.18818092346191406
i_miniature,1->6,ORB,500,500,38,0.9210526315789473,0.7631578947368421,0.9210526315789473,8.177181,0.02005743980407715
i_miniature,1->6,BRISK,6159,4395,565,0.8672566371681416,0.6902654867256637,0.8672566371681416,10.894081,0.24878263473510742
i_miniature,1->6,LATCH,3564,2823,399,0.9348370927318296,0.7243107769423559,0.9348370927318296,2.6079082,0.439516544342041
i_nescafe,1->2,SIFT,1541,1756,624,0.9503205128205128,0.9326923076923077,0.9503205128205128,6.6830335,0.22925233840942383
i_nescafe,1->2,ORB,500,500,232,0.9827586206896551,0.9525862068965517,0.9827586206896551,1.0686263,0.02078080177307129
i_nescafe,1->2,BRISK,2112,2689,745,0.9825503355704698,0.9516778523489933,0.9825503355704698,1.3003834,0.14334702491760254
i_nescafe,1->2,LATCH,1507,1711,529,0.947069943289225,0.9300567107750473,0.947069943289225,1.6131444,0.23552942276000977
i_nescafe,1->3,SIFT,1541,2191,657,0.9665144596651446,0.943683409436834,0.9665144596651446,3.3469925,0.15738320350646973
i_nescafe,1->3,ORB,500,500,253,0.9802371541501976,0.9169960474308301,0.9802371541501976,0.30177638,0.01593017578125
i_nescafe,1->3,BRISK,2112,3200,827,0.9758162031438936,0.9250302297460702,0.9758162031438936,1.4569439,0.13507771492004395
i_nescafe,1->3,LATCH,1507,2094,595,0.9647058823529412,0.9226890756302522,0.9647058823529412,1.4290601,0.2500154972076416
i_nescafe,1->4,SIFT,1541,1855,737,0.9457259158751696,0.9090909090909091,0.9457259158751696,5.0895357,0.16968703269958496
i_nescafe,1->4,ORB,500,500,280,0.9928571428571429,0.9321428571428572,0.9928571428571429,0.20836027,0.016129255294799805
i_nescafe,1->4,BRISK,2112,2651,990,0.9828282828282828,0.9373737373737374,0.9828282828282828,1.064929,0.12412047386169434
i_nescafe,1->4,LATCH,1507,1790,681,0.960352422907489,0.9016152716593245,0.960352422907489,2.6359692,0.2389054298400879
i_nescafe,1->5,SIFT,1541,1336,520,0.9076923076923077,0.8634615384615385,0.9076923076923077,15.533157,0.18671584129333496
i_nescafe,1->5,ORB,500,500,143,0.958041958041958,0.8951048951048951,0.958041958041958,4.635225,0.021561384201049805
i_nescafe,1->5,BRISK,2112,1944,643,0.9626749611197511,0.9129082426127527,0.9626749611197511,1.4727583,0.1528458595275879
i_nescafe,1->5,LATCH,1507,1324,498,0.9497991967871486,0.8734939759036144,0.9497991967871486,2.718647,0.3118250370025635
i_nescafe,1->6,SIFT,1541,2427,519,0.9576107899807321,0.9479768786127167,0.9576107899807321,6.2324896,0.1947181224822998
i_nescafe,1->6,ORB,500,500,164,0.9451219512195121,0.8780487804878049,0.9451219512195121,1.0180197,0.02289128303527832
i_nescafe,1->6,BRISK,2112,3769,580,0.9810344827586207,0.9448275862068966,0.9810344827586207,2.6800246,0.20490360260009766
i_nescafe,1->6,LATCH,1507,2345,447,0.9552572706935123,0.9284116331096197,0.9552572706935123,3.5787716,0.3408851623535156
i_nijmegen,1->2,SIFT,6811,5119,1071,0.7843137254901961,0.015873015873015872,0.7843137254901961,27.62815,0.5916380882263184
i_nijmegen,1->2,ORB,500,500,68,0.7794117647058824,0.058823529411764705,0.7794117647058824,24.8968,0.0564577579498291
i_nijmegen,1->2,BRISK,13527,8316,1583,0.7921667719519899,0.024636765634870498,0.7921667719519899,14.778091,0.6890945434570312
i_nijmegen,1->2,LATCH,6432,4868,1017,0.8190757128810227,0.01376597836774828,0.8190757128810227,5.77515,0.950629711151123
i_nijmegen,1->3,SIFT,6811,7120,1488,0.8595430107526881,0.03763440860215054,0.8595430107526881,17.162352,0.6063790321350098
i_nijmegen,1->3,ORB,500,500,113,0.8407079646017699,0.11504424778761062,0.8407079646017699,13.743218,0.0585932731628418
i_nijmegen,1->3,BRISK,13527,14061,2434,0.8483976992604766,0.055464256368118324,0.8483976992604766,7.8926854,1.0357201099395752
i_nijmegen,1->3,LATCH,6432,6794,1534,0.8728813559322034,0.048239895697522815,0.8728813559322034,3.5019348,1.103888988494873
i_nijmegen,1->4,SIFT,6811,2561,160,0.36875,0.2375,0.36875,287.4771,0.5074405670166016
i_nijmegen,1->4,ORB,500,500,11,0.8181818181818182,0.09090909090909091,0.8181818181818182,143.71426,0.05038189888000488
i_nijmegen,1->4,BRISK,13527,7106,131,0.6412213740458015,0.3511450381679389,0.6412213740458015,142.55998,0.7336103916168213
i_nijmegen,1->4,LATCH,6432,2383,57,0.6842105263157895,0.38596491228070173,0.6842105263157895,71.414986,0.7990574836730957
i_nijmegen,1->5,SIFT,6811,5584,1312,0.8307926829268293,0.08460365853658537,0.8307926829268293,25.48644,0.5049130916595459
i_nijmegen,1->5,ORB,500,500,114,0.8596491228070176,0.18421052631578946,0.8596491228070176,11.496785,0.04225635528564453
i_nijmegen,1->5,BRISK,13527,9373,1926,0.8213914849428868,0.11163032191069575,0.8213914849428868,11.977382,0.6318402290344238
i_nijmegen,1->5,LATCH,6432,5296,1272,0.8632075471698113,0.09748427672955975,0.8632075471698113,4.14251,0.8018405437469482
i_nijmegen,1->6,SIFT,6811,5017,867,0.8143021914648212,0.12341407151095732,0.8143021914648212,37.64062,0.45317816734313965
i_nijmegen,1->6,ORB,500,500,81,0.8641975308641975,0.20987654320987653,0.8641975308641975,38.751213,0.04502725601196289
i_nijmegen,1->6,BRISK,13527,7875,1309,0.8319327731092437,0.17952635599694422,0.8319327731092437,19.575161,1.946688175201416
i_nijmegen,1->6,LATCH,6432,4793,879,0.8850967007963595,0.1410693970420933,0.8850967007963595,4.332389,0.8155498504638672
i_nuts,1->2,SIFT,460,451,113,0.7610619469026548,0.5752212389380531,0.7610619469026548,11.718906,0.11401128768920898
i_nuts,1->2,ORB,500,500,45,0.8,0.5333333333333333,0.8,22.238003,0.012583255767822266
i_nuts,1->2,BRISK,267,262,56,0.5178571428571429,0.26785714285714285,0.5178571428571429,15.536669,0.05801725387573242
i_nuts,1->2,LATCH,443,433,84,0.8571428571428571,0.6309523809523809,0.8571428571428571,13.72289,0.13962626457214355
i_nuts,1->3,SIFT,460,477,33,0.696969696969697,0.6363636363636364,0.696969696969697,28.499115,0.11217045783996582
i_nuts,1->3,ORB,500,500,13,0.38461538461538464,0.3076923076923077,0.38461538461538464,61.748665,0.013914108276367188
i_nuts,1->3,BRISK,267,314,10,0.7,0.6,0.7,36.58076,0.061305999755859375
i_nuts,1->3,LATCH,443,456,15,0.6666666666666666,0.5333333333333333,0.6666666666666666,25.922026,0.14209389686584473
i_nuts,1->4,SIFT,460,554,10,0.5,0.4,0.5,109.7756,0.12135171890258789
i_nuts,1->4,ORB,500,500,5,0.0,0.0,0.0,138.81601,0.013200998306274414
i_nuts,1->4,BRISK,267,347,5,0.6,0.6,0.6,96.878105,0.0676419734954834
i_nuts,1->4,LATCH,443,532,5,0.0,0.0,0.0,131.46922,0.14354491233825684
i_nuts,1->5,SIFT,460,569,14,0.14285714285714285,0.14285714285714285,0.14285714285714285,139.24663,0.1133880615234375
i_nuts,1->5,ORB,500,500,9,0.0,0.0,0.0,193.40808,0.011708498001098633
i_nuts,1->5,BRISK,267,344,0,0,0,0,0,0.056739091873168945
i_nuts,1->5,LATCH,443,546,4,0.0,0.0,0.0,101.11115,0.14654278755187988
i_nuts,1->6,SIFT,460,545,5,0.2,0.2,0.2,127.72801,0.09887337684631348
i_nuts,1->6,ORB,500,500,12,0.0,0.0,0.0,159.50418,0.012384891510009766
i_nuts,1->6,BRISK,267,321,3,0.0,0.0,0.0,144.90752,0.05551576614379883
i_nuts,1->6,LATCH,443,513,0,0,0,0,0,0.1520216464996338
i_objects,1->2,SIFT,7468,7619,1332,0.8708708708708709,0.07057057057057058,0.8708708708708709,29.22635,0.49846363067626953
i_objects,1->2,ORB,500,500,52,0.8269230769230769,0.3076923076923077,0.8269230769230769,18.787596,0.04813241958618164
i_objects,1->2,BRISK,17368,17522,1674,0.8906810035842294,0.11170848267622462,0.8906810035842294,13.558227,1.3234241008758545
i_objects,1->2,LATCH,7264,7412,1067,0.9278350515463918,0.08059981255857544,0.9278350515463918,7.013099,0.8397929668426514
i_objects,1->3,SIFT,7468,7658,985,0.8771573604060914,0.049746192893401014,0.8771573604060914,33.36943,0.5790600776672363
i_objects,1->3,ORB,500,500,16,0.75,0.0,0.75,96.92983,0.06267833709716797
i_objects,1->3,BRISK,17368,15849,954,0.8920335429769392,0.1069182389937107,0.8920335429769392,23.904991,1.2039103507995605
i_objects,1->3,LATCH,7264,7487,624,0.9102564102564102,0.057692307692307696,0.9102564102564102,7.78171,1.079239845275879
i_objects,1->4,SIFT,7468,7403,505,0.8257425742574257,0.02178217821782178,0.8257425742574257,50.80437,0.559391975402832
i_objects,1->4,ORB,500,500,22,0.7272727272727273,0.0,0.7272727272727273,80.26452,0.05740523338317871
i_objects,1->4,BRISK,17368,16128,458,0.7882096069868996,0.06986899563318777,0.7882096069868996,62.320133,1.1793324947357178
i_objects,1->4,LATCH,7264,7215,232,0.9525862068965517,0.034482758620689655,0.9525862068965517,13.996111,0.9955439567565918
i_objects,1->5,SIFT,7468,7133,598,0.842809364548495,0.021739130434782608,0.842809364548495,48.979122,0.4413583278656006
i_objects,1->5,ORB,500,500,24,0.75,0.041666666666666664,0.75,90.15875,0.042691707611083984
i_objects,1->5,BRISK,17368,16095,478,0.8556485355648535,0.08158995815899582,0.8556485355648535,48.016792,0.9408211708068848
i_objects,1->5,LATCH,7264,6954,292,0.952054794520548,0.030821917808219176,0.952054794520548,8.080962,0.9160408973693848
i_objects,1->6,SIFT,7468,7898,2439,0.9434194341943419,0.8257482574825749,0.9434194341943419,10.289889,0.7303998470306396
i_objects,1->6,ORB,500,500,111,0.9459459459459459,0.5225225225225225,0.9459459459459459,8.013593,0.06791114807128906
i_objects,1->6,BRISK,17368,15925,3590,0.9428969359331476,0.6947075208913649,0.9428969359331476,6.958467,1.3144118785858154
i_objects,1->6,LATCH,7264,7708,2230,0.9591928251121076,0.8040358744394619,0.9591928251121076,1.6446612,1.07951021194458
i_parking,1->2,SIFT,970,1001,251,0.8924302788844621,0.7410358565737052,0.8924302788844621,9.350507,0.10820579528808594
i_parking,1->2,ORB,500,500,141,0.8368794326241135,0.6099290780141844,0.8368794326241135,4.2182455,0.014162778854370117
i_parking,1->2,BRISK,915,1048,239,0.9372384937238494,0.7447698744769874,0.9372384937238494,5.282014,0.09189414978027344
i_parking,1->2,LATCH,821,875,232,0.8836206896551724,0.6637931034482759,0.8836206896551724,1.2212361,0.17734384536743164
i_parking,1->3,SIFT,970,1153,222,0.918918918918919,0.7522522522522522,0.918918918918919,6.493669,0.08106327056884766
i_parking,1->3,ORB,500,500,115,0.8695652173913043,0.6173913043478261,0.8695652173913043,1.8191438,0.010810136795043945
i_parking,1->3,BRISK,915,1336,206,0.9320388349514563,0.7330097087378641,0.9320388349514563,3.4745374,0.07165741920471191
i_parking,1->3,LATCH,821,1009,204,0.8921568627450981,0.5980392156862745,0.8921568627450981,1.4449253,0.1490919589996338
i_parking,1->4,SIFT,970,1025,112,0.7857142857142857,0.1875,0.7857142857142857,18.708048,0.10042428970336914
i_parking,1->4,ORB,500,500,48,0.7083333333333334,0.3333333333333333,0.7083333333333334,24.345558,0.011144399642944336
i_parking,1->4,BRISK,915,716,78,0.9615384615384616,0.34615384615384615,0.9615384615384616,4.243954,0.06197834014892578
i_parking,1->4,LATCH,821,873,85,0.788235294117647,0.18823529411764706,0.788235294117647,5.454658,0.12952017784118652
i_parking,1->5,SIFT,970,1459,81,0.8395061728395061,0.2222222222222222,0.8395061728395061,26.761429,0.11798477172851562
i_parking,1->5,ORB,500,500,36,0.7777777777777778,0.4166666666666667,0.7777777777777778,12.003832,0.011453628540039062
i_parking,1->5,BRISK,915,1301,77,0.8311688311688312,0.2987012987012987,0.8311688311688312,31.277563,0.07252645492553711
i_parking,1->5,LATCH,821,1263,45,0.7333333333333333,0.2222222222222222,0.7333333333333333,7.8029723,0.15758633613586426
i_parking,1->6,SIFT,970,916,125,0.864,0.4,0.864,9.387163,0.10452127456665039
i_parking,1->6,ORB,500,500,47,0.9361702127659575,0.3829787234042553,0.9361702127659575,2.1566224,0.010913610458374023
i_parking,1->6,BRISK,915,728,98,0.9183673469387755,0.45918367346938777,0.9183673469387755,7.1301713,0.06100654602050781
i_parking,1->6,LATCH,821,790,95,0.8421052631578947,0.30526315789473685,0.8421052631578947,6.168718,0.12279391288757324
i_partyfood,1->2,SIFT,974,910,703,0.972972972972973,0.9459459459459459,0.972972972972973,2.7956963,0.19689536094665527
i_partyfood,1->2,ORB,500,500,397,0.9798488664987406,0.929471032745592,0.9798488664987406,0.3318195,0.015645503997802734
i_partyfood,1->2,BRISK,1323,1170,840,0.975,0.9273809523809524,0.975,1.0338057,0.07558846473693848
i_partyfood,1->2,LATCH,974,910,689,0.9680696661828737,0.9375907111756169,0.9680696661828737,0.50303143,0.24902915954589844
i_partyfood,1->3,SIFT,974,802,507,0.960552268244576,0.9171597633136095,0.960552268244576,8.950565,0.20963072776794434
i_partyfood,1->3,ORB,500,500,269,0.9851301115241635,0.8550185873605948,0.9851301115241635,0.32811227,0.017133712768554688
i_partyfood,1->3,BRISK,1323,1049,567,0.9541446208112875,0.855379188712522,0.9541446208112875,4.3540564,0.07684493064880371
i_partyfood,1->3,LATCH,974,802,471,0.9532908704883227,0.8959660297239915,0.9532908704883227,1.9870844,0.24929451942443848
i_partyfood,1->4,SIFT,974,720,396,0.9141414141414141,0.8686868686868687,0.9141414141414141,12.991391,0.23346424102783203
i_partyfood,1->4,ORB,500,500,154,0.948051948051948,0.6428571428571429,0.948051948051948,5.1185913,0.015249967575073242
i_partyfood,1->4,BRISK,1323,918,391,0.9309462915601023,0.7340153452685422,0.9309462915601023,6.595516,0.07228755950927734
i_partyfood,1->4,LATCH,974,720,346,0.930635838150289,0.8670520231213873,0.930635838150289,2.5341427,0.2511124610900879
i_partyfood,1->5,SIFT,974,685,361,0.9141274238227147,0.8033240997229917,0.9141274238227147,15.394128,0.2061445713043213
i_partyfood,1->5,ORB,500,500,105,0.8857142857142857,0.49523809523809526,0.8857142857142857,36.95175,0.015568017959594727
i_partyfood,1->5,BRISK,1323,834,308,0.9090909090909091,0.6948051948051948,0.9090909090909091,12.242638,0.07301211357116699
i_partyfood,1->5,LATCH,974,685,297,0.9393939393939394,0.8047138047138047,0.9393939393939394,2.0072873,0.25241684913635254
i_partyfood,1->6,SIFT,974,632,290,0.9103448275862069,0.8241379310344827,0.9103448275862069,18.682404,0.20709514617919922
i_partyfood,1->6,ORB,500,500,46,0.8043478260869565,0.41304347826086957,0.8043478260869565,72.08688,0.0156400203704834
i_partyfood,1->6,BRISK,1323,725,203,0.916256157635468,0.729064039408867,0.916256157635468,15.837092,0.07186174392700195
i_partyfood,1->6,LATCH,974,632,219,0.9452054794520548,0.8036529680365296,0.9452054794520548,5.828251,0.2788255214691162
i_pencils,1->2,SIFT,3325,4437,227,0.5330396475770925,0.2775330396475771,0.5330396475770925,174.25528,0.6676816940307617
i_pencils,1->2,ORB,500,500,18,0.5,0.16666666666666666,0.5,465.20035,0.050801753997802734
i_pencils,1->2,BRISK,5856,8762,305,0.6032786885245902,0.4,0.6032786885245902,153.70287,0.39742422103881836
i_pencils,1->2,LATCH,3195,4237,121,0.6528925619834711,0.2727272727272727,0.6528925619834711,89.33819,0.8457341194152832
i_pencils,1->3,SIFT,3325,4383,130,0.007692307692307693,0.0,0.007692307692307693,364.86087,0.691054105758667
i_pencils,1->3,ORB,500,500,7,0.0,0.0,0.0,561.87897,0.05208468437194824
i_pencils,1->3,BRISK,5856,9060,158,0.0,0.0,0.0,361.66928,0.39348363876342773
i_pencils,1->3,LATCH,3195,4209,53,0.0,0.0,0.0,348.3776,0.8223485946655273
i_pencils,1->4,SIFT,3325,3633,250,0.0,0.0,0.0,148.7407,2.0828895568847656
i_pencils,1->4,ORB,500,500,36,0.0,0.0,0.0,138.93393,0.05026674270629883
i_pencils,1->4,BRISK,5856,6732,337,0.002967359050445104,0.0,0.002967359050445104,192.92023,0.33922481536865234
i_pencils,1->4,LATCH,3195,3466,159,0.0,0.0,0.0,133.90738,0.8232214450836182
i_pencils,1->5,SIFT,3325,5024,146,0.4178082191780822,0.0136986301369863,0.4178082191780822,287.78806,0.633173942565918
i_pencils,1->5,ORB,500,500,18,0.2777777777777778,0.0,0.2777777777777778,592.7729,0.04876232147216797
i_pencils,1->5,BRISK,5856,9468,179,0.30726256983240224,0.00558659217877095,0.30726256983240224,320.77972,0.3780221939086914
i_pencils,1->5,LATCH,3195,4835,53,0.39622641509433965,0.0,0.39622641509433965,267.28625,0.8465821743011475
i_pencils,1->6,SIFT,3325,5226,152,0.4407894736842105,0.02631578947368421,0.4407894736842105,212.58492,0.5989792346954346
i_pencils,1->6,ORB,500,500,10,0.2,0.0,0.2,398.82285,0.04903745651245117
i_pencils,1->6,BRISK,5856,9197,221,0.40271493212669685,0.013574660633484163,0.40271493212669685,240.89357,0.3873920440673828
i_pencils,1->6,LATCH,3195,5016,61,0.4262295081967213,0.01639344262295082,0.4262295081967213,146.00291,0.8475906848907471
i_pinard,1->2,SIFT,943,688,332,0.9126506024096386,0.8433734939759037,0.9126506024096386,12.623712,0.12692666053771973
i_pinard,1->2,ORB,500,500,79,0.759493670886076,0.5443037974683544,0.759493670886076,6.2353506,0.012637615203857422
i_pinard,1->2,BRISK,1414,906,345,0.9188405797101449,0.8028985507246377,0.9188405797101449,6.137537,0.06953263282775879
i_pinard,1->2,LATCH,868,664,285,0.9157894736842105,0.8245614035087719,0.9157894736842105,3.7898211,0.1691112518310547
i_pinard,1->3,SIFT,943,1323,300,0.9633333333333334,0.91,0.9633333333333334,5.594694,0.13200139999389648
i_pinard,1->3,ORB,500,500,93,0.946236559139785,0.8924731182795699,0.946236559139785,0.4036588,0.01422572135925293
i_pinard,1->3,BRISK,1414,2203,357,0.9803921568627451,0.9131652661064426,0.9803921568627451,1.6847047,0.09709000587463379
i_pinard,1->3,LATCH,868,1203,209,0.937799043062201,0.8421052631578947,0.937799043062201,6.9390163,0.1929779052734375
i_pinard,1->4,SIFT,943,1295,357,0.9355742296918768,0.8683473389355743,0.9355742296918768,9.810838,0.13994598388671875
i_pinard,1->4,ORB,500,500,114,0.9298245614035088,0.8947368421052632,0.9298245614035088,2.558263,0.01421356201171875
i_pinard,1->4,BRISK,1414,2159,379,0.9604221635883905,0.8918205804749341,0.9604221635883905,4.384338,0.10362100601196289
i_pinard,1->4,LATCH,868,1159,247,0.9473684210526315,0.8582995951417004,0.9473684210526315,5.130019,0.21054363250732422
i_pinard,1->5,SIFT,943,1163,374,0.9331550802139037,0.8957219251336899,0.9331550802139037,5.9581614,0.1472165584564209
i_pinard,1->5,ORB,500,500,136,0.9191176470588235,0.8382352941176471,0.9191176470588235,6.8330126,0.014241456985473633
i_pinard,1->5,BRISK,1414,1879,422,0.9739336492890995,0.9004739336492891,0.9739336492890995,1.1537397,0.09581708908081055
i_pinard,1->5,LATCH,868,1060,295,0.9525423728813559,0.8677966101694915,0.9525423728813559,1.7736071,0.20334339141845703
i_pinard,1->6,SIFT,943,948,328,0.9085365853658537,0.8567073170731707,0.9085365853658537,9.076916,0.1501786708831787
i_pinard,1->6,ORB,500,500,126,0.9126984126984127,0.8809523809523809,0.9126984126984127,3.196872,0.014600038528442383
i_pinard,1->6,BRISK,1414,1419,405,0.9407407407407408,0.8765432098765432,0.9407407407407408,6.463849,0.08850646018981934
i_pinard,1->6,LATCH,868,894,273,0.9487179487179487,0.8791208791208791,0.9487179487179487,1.6816367,0.19965505599975586
i_pool,1->2,SIFT,1667,258,36,0.16666666666666666,0.1388888888888889,0.16666666666666666,311.417,0.1813502311706543
i_pool,1->2,ORB,500,500,6,0.0,0.0,0.0,435.2263,0.01591968536376953
i_pool,1->2,BRISK,1556,342,6,0.16666666666666666,0.16666666666666666,0.16666666666666666,250.07948,0.06922626495361328
i_pool,1->2,LATCH,1477,247,9,0.4444444444444444,0.1111111111111111,0.4444444444444444,133.15985,0.20482420921325684
i_pool,1->3,SIFT,1667,183,15,0.06666666666666667,0.06666666666666667,0.06666666666666667,337.148,0.16063737869262695
i_pool,1->3,ORB,500,499,3,0.0,0.0,0.0,523.64984,0.015238285064697266
i_pool,1->3,BRISK,1556,278,5,0.0,0.0,0.0,310.8533,0.06768560409545898
i_pool,1->3,LATCH,1477,180,13,0.0,0.0,0.0,342.64935,0.20064544677734375
i_pool,1->4,SIFT,1667,234,25,0.04,0.04,0.04,370.0208,0.16866469383239746
i_pool,1->4,ORB,500,499,4,0.0,0.0,0.0,325.52808,0.01482081413269043
i_pool,1->4,BRISK,1556,320,10,0.0,0.0,0.0,354.19965,0.06418228149414062
i_pool,1->4,LATCH,1477,232,5,0.0,0.0,0.0,295.4244,0.2128298282623291
i_pool,1->5,SIFT,1667,220,44,0.1590909090909091,0.06818181818181818,0.1590909090909091,387.99423,0.155320405960083
i_pool,1->5,ORB,500,500,6,0.0,0.0,0.0,278.57874,0.014220237731933594
i_pool,1->5,BRISK,1556,296,10,0.0,0.0,0.0,310.90967,0.07294106483459473
i_pool,1->5,LATCH,1477,217,7,0.14285714285714285,0.0,0.14285714285714285,188.89098,0.21244215965270996
i_pool,1->6,SIFT,1667,199,17,0.23529411764705882,0.058823529411764705,0.23529411764705882,349.93433,0.16095590591430664
i_pool,1->6,ORB,500,500,2,0.0,0.0,0.0,190.44919,0.014382362365722656
i_pool,1->6,BRISK,1556,277,9,0.1111111111111111,0.1111111111111111,0.1111111111111111,269.96072,0.07119941711425781
i_pool,1->6,LATCH,1477,196,5,0.0,0.0,0.0,417.52206,0.21704840660095215
i_porta,1->2,SIFT,1225,1161,281,0.8256227758007118,0.6761565836298933,0.8256227758007118,17.74096,0.1361250877380371
i_porta,1->2,ORB,500,500,345,0.9652173913043478,0.8144927536231884,0.9652173913043478,0.4894304,0.011937379837036133
i_porta,1->2,BRISK,1229,1249,436,0.9426605504587156,0.713302752293578,0.9426605504587156,1.9475747,0.07909274101257324
i_porta,1->2,LATCH,1065,1004,321,0.7912772585669782,0.514018691588785,0.7912772585669782,4.0645943,0.14895296096801758
i_porta,1->3,SIFT,1225,1238,298,0.8087248322147651,0.6476510067114094,0.8087248322147651,24.596561,0.09941720962524414
i_porta,1->3,ORB,500,500,352,0.9744318181818182,0.84375,0.9744318181818182,0.39560273,0.01127767562866211
i_porta,1->3,BRISK,1229,1195,464,0.9375,0.7004310344827587,0.9375,3.4827998,0.07901620864868164
i_porta,1->3,LATCH,1065,1056,338,0.8106508875739645,0.5029585798816568,0.8106508875739645,4.3883896,0.14743661880493164
i_porta,1->4,SIFT,1225,1169,196,0.75,0.5918367346938775,0.75,24.057465,0.11085271835327148
i_porta,1->4,ORB,500,500,115,0.8869565217391304,0.6782608695652174,0.8869565217391304,1.0495033,0.011780977249145508
i_porta,1->4,BRISK,1229,1456,237,0.8987341772151899,0.6244725738396625,0.8987341772151899,10.859321,0.08129024505615234
i_porta,1->4,LATCH,1065,1010,173,0.7745664739884393,0.5028901734104047,0.7745664739884393,4.8636956,0.15664410591125488
i_porta,1->5,SIFT,1225,738,124,0.7338709677419355,0.5161290322580645,0.7338709677419355,60.910244,0.08997058868408203
i_porta,1->5,ORB,500,500,89,0.9213483146067416,0.5617977528089888,0.9213483146067416,1.2832708,0.011512517929077148
i_porta,1->5,BRISK,1229,803,169,0.9053254437869822,0.6035502958579881,0.9053254437869822,17.31738,0.07411694526672363
i_porta,1->5,LATCH,1065,669,106,0.7358490566037735,0.5094339622641509,0.7358490566037735,11.120278,0.1325533390045166
i_porta,1->6,SIFT,1225,2411,113,0.7876106194690266,0.6637168141592921,0.7876106194690266,41.634453,0.11174821853637695
i_porta,1->6,ORB,500,500,115,0.9565217391304348,0.6695652173913044,0.9565217391304348,3.9804974,0.011382341384887695
i_porta,1->6,BRISK,1229,1296,151,0.9536423841059603,0.6291390728476821,0.9536423841059603,3.2630377,0.07722616195678711
i_porta,1->6,LATCH,1065,2326,96,0.8541666666666666,0.59375,0.8541666666666666,8.720639,0.18988633155822754
i_resort,1->2,SIFT,3539,5488,775,0.9251612903225807,0.8232258064516129,0.9251612903225807,10.293825,0.3262763023376465
i_resort,1->2,ORB,500,500,147,0.9727891156462585,0.7278911564625851,0.9727891156462585,0.5646404,0.033447980880737305
i_resort,1->2,BRISK,7428,17334,1565,0.9757188498402556,0.850479233226837,0.9757188498402556,2.3695114,0.6430284976959229
i_resort,1->2,LATCH,3207,4889,711,0.9310829817158931,0.7735583684950773,0.9310829817158931,3.5939877,0.5249862670898438
i_resort,1->3,SIFT,3539,4041,1740,0.9632183908045977,0.9235632183908046,0.9632183908045977,5.8145742,0.27706408500671387
i_resort,1->3,ORB,500,500,360,0.9861111111111112,0.8555555555555555,0.9861111111111112,0.50454897,0.02642655372619629
i_resort,1->3,BRISK,7428,8953,3615,0.9894882434301522,0.9078838174273859,0.9894882434301522,0.77301615,0.3941481113433838
i_resort,1->3,LATCH,3207,3624,1568,0.9508928571428571,0.875,0.9508928571428571,1.4194864,0.47659754753112793
i_resort,1->4,SIFT,3539,3491,1457,0.9643102264927934,0.9272477693891558,0.9643102264927934,5.6256094,0.27408480644226074
i_resort,1->4,ORB,500,500,366,0.994535519125683,0.9043715846994536,0.994535519125683,0.22085437,0.026298046112060547
i_resort,1->4,BRISK,7428,7101,3022,0.9877564526803442,0.9199205823957644,0.9877564526803442,1.0935401,0.35231471061706543
i_resort,1->4,LATCH,3207,3128,1336,0.9520958083832335,0.8839820359281437,0.9520958083832335,0.65820736,0.4390859603881836
i_resort,1->5,SIFT,3539,4491,571,0.9176882661996497,0.7443082311733801,0.9176882661996497,18.981901,0.2926816940307617
i_resort,1->5,ORB,500,500,140,0.9642857142857143,0.6285714285714286,0.9642857142857143,0.8954452,0.02851414680480957
i_resort,1->5,BRISK,7428,14154,1132,0.9752650176678446,0.7332155477031802,0.9752650176678446,2.3907382,0.5436396598815918
i_resort,1->5,LATCH,3207,4060,504,0.9226190476190477,0.6904761904761905,0.9226190476190477,2.155503,0.4629044532775879
i_resort,1->6,SIFT,3539,3508,973,0.9198355601233299,0.1778006166495375,0.9198355601233299,9.185907,0.25826120376586914
i_resort,1->6,ORB,500,500,208,0.8990384615384616,0.1971153846153846,0.8990384615384616,1.8566043,0.026211023330688477
i_resort,1->6,BRISK,7428,7562,1559,0.9550994227068633,0.19627966645285438,0.9550994227068633,2.6359816,0.3687741756439209
i_resort,1->6,LATCH,3207,3123,850,0.8988235294117647,0.16117647058823528,0.8988235294117647,3.7038727,0.4340791702270508
i_salon,1->2,SIFT,5081,4589,1936,0.8920454545454546,0.8006198347107438,0.8920454545454546,8.834444,0.22678184509277344
i_salon,1->2,ORB,500,500,276,0.9492753623188406,0.7898550724637681,0.9492753623188406,6.5883474,0.023568391799926758
i_salon,1->2,BRISK,6121,5968,2557,0.9221744231521314,0.7676965193586234,0.9221744231521314,5.9820795,0.28607821464538574
i_salon,1->2,LATCH,4736,4284,1980,0.9075757575757576,0.7964646464646464,0.9075757575757576,4.214359,0.48287463188171387
i_salon,1->3,SIFT,5081,3733,607,0.7693574958813838,0.6803953871499177,0.7693574958813838,31.205177,0.22818922996520996
i_salon,1->3,ORB,500,500,56,0.9107142857142857,0.7321428571428571,0.9107142857142857,4.5238605,0.024454832077026367
i_salon,1->3,BRISK,6121,4895,791,0.7914032869785083,0.6270543615676359,0.7914032869785083,17.516905,0.2730228900909424
i_salon,1->3,LATCH,4736,3437,665,0.8330827067669173,0.6526315789473685,0.8330827067669173,12.359158,0.4574151039123535
i_salon,1->4,SIFT,5081,2715,178,0.6404494382022472,0.5617977528089888,0.6404494382022472,76.05773,0.19100666046142578
i_salon,1->4,ORB,500,500,23,0.782608695652174,0.4782608695652174,0.782608695652174,53.597504,0.019854307174682617
i_salon,1->4,BRISK,6121,2945,176,0.7329545454545454,0.6193181818181818,0.7329545454545454,49.87184,0.22342205047607422
i_salon,1->4,LATCH,4736,2518,139,0.6187050359712231,0.4892086330935252,0.6187050359712231,41.828766,0.39507365226745605
i_salon,1->5,SIFT,5081,5045,1092,0.8461538461538461,0.7490842490842491,0.8461538461538461,23.523813,0.22470378875732422
i_salon,1->5,ORB,500,500,98,0.9285714285714286,0.8367346938775511,0.9285714285714286,4.186941,0.02334284782409668
i_salon,1->5,BRISK,6121,5615,1365,0.8703296703296703,0.7157509157509158,0.8703296703296703,10.676054,0.2966594696044922
i_salon,1->5,LATCH,4736,4742,1097,0.8969917958067457,0.7602552415679125,0.8969917958067457,4.902073,0.4809145927429199
i_salon,1->6,SIFT,5081,4407,507,0.7120315581854043,0.5877712031558185,0.7120315581854043,43.784447,0.22178125381469727
i_salon,1->6,ORB,500,500,49,0.7755102040816326,0.6530612244897959,0.7755102040816326,34.933933,0.023029804229736328
i_salon,1->6,BRISK,6121,5140,556,0.7733812949640287,0.5773381294964028,0.7733812949640287,25.976683,0.27283358573913574
i_salon,1->6,LATCH,4736,4135,438,0.863013698630137,0.6735159817351598,0.863013698630137,10.392433,0.4538583755493164
i_santuario,1->2,SIFT,4378,4331,820,0.776829268292683,0.006097560975609756,0.776829268292683,25.3339,0.24627280235290527
i_santuario,1->2,ORB,500,500,34,0.6470588235294118,0.0,0.6470588235294118,48.587406,0.02286815643310547
i_santuario,1->2,BRISK,6482,5882,1119,0.7694369973190348,0.016979445933869526,0.7694369973190348,11.92724,0.2969627380371094
i_santuario,1->2,LATCH,4170,4091,790,0.7784810126582279,0.012658227848101266,0.7784810126582279,7.144883,0.4703636169433594
i_santuario,1->3,SIFT,4378,4420,794,0.6259445843828715,0.0025188916876574307,0.6259445843828715,27.29623,0.2377612590789795
i_santuario,1->3,ORB,500,500,30,0.4666666666666667,0.0,0.4666666666666667,60.983616,0.022683143615722656
i_santuario,1->3,BRISK,6482,5888,1110,0.609009009009009,0.002702702702702703,0.609009009009009,14.234408,0.2994818687438965
i_santuario,1->3,LATCH,4170,4152,779,0.6264441591784339,0.012836970474967908,0.6264441591784339,5.577541,2.028737783432007
i_santuario,1->4,SIFT,4378,3778,511,0.26418786692759294,0.0,0.26418786692759294,46.90348,0.2656865119934082
i_santuario,1->4,ORB,500,500,21,0.3333333333333333,0.0,0.3333333333333333,46.31818,0.02281665802001953
i_santuario,1->4,BRISK,6482,4541,608,0.2993421052631579,0.001644736842105263,0.2993421052631579,34.799347,0.2893402576446533
i_santuario,1->4,LATCH,4170,3558,479,0.32150313152400833,0.010438413361169102,0.32150313152400833,13.141705,0.4483027458190918
i_santuario,1->5,SIFT,4378,4633,652,0.7898773006134969,0.6242331288343558,0.7898773006134969,48.475838,0.25217342376708984
i_santuario,1->5,ORB,500,500,37,0.8108108108108109,0.5135135135135135,0.8108108108108109,25.158314,0.02449655532836914
i_santuario,1->5,BRISK,6482,6538,749,0.8838451268357811,0.6034712950600801,0.8838451268357811,22.188723,0.34986019134521484
i_santuario,1->5,LATCH,4170,4353,586,0.8873720136518771,0.5989761092150171,0.8873720136518771,9.195642,0.4458029270172119
i_santuario,1->6,SIFT,4378,3301,410,0.7,0.03902439024390244,0.7,68.67397,0.2161095142364502
i_santuario,1->6,ORB,500,500,10,0.8,0.0,0.8,69.23796,0.019819974899291992
i_santuario,1->6,BRISK,6482,3420,418,0.784688995215311,0.06220095693779904,0.784688995215311,45.296066,0.24082255363464355
i_santuario,1->6,LATCH,4170,3120,335,0.7850746268656716,0.04776119402985075,0.7850746268656716,9.155796,0.4016296863555908
i_school,1->2,SIFT,1197,2100,480,0.9541666666666667,0.8583333333333333,0.9541666666666667,6.214146,0.10007023811340332
i_school,1->2,ORB,500,500,131,0.9007633587786259,0.7175572519083969,0.9007633587786259,6.806049,0.010859012603759766
i_school,1->2,BRISK,647,1215,260,0.9730769230769231,0.85,0.9730769230769231,1.8075346,0.06305170059204102
i_school,1->2,LATCH,973,1725,443,0.9345372460496614,0.7607223476297968,0.9345372460496614,0.9132071,0.16475939750671387
i_school,1->3,SIFT,1197,1705,476,0.9558823529411765,0.8697478991596639,0.9558823529411765,4.793741,0.10831737518310547
i_school,1->3,ORB,500,500,125,0.944,0.728,0.944,2.446928,0.011748075485229492
i_school,1->3,BRISK,647,1052,254,0.9724409448818898,0.8385826771653543,0.9724409448818898,2.0203762,0.06196880340576172
i_school,1->3,LATCH,973,1377,450,0.9377777777777778,0.7977777777777778,0.9377777777777778,1.0161372,0.15636992454528809
i_school,1->4,SIFT,1197,1636,185,0.8648648648648649,0.5405405405405406,0.8648648648648649,26.068127,0.0996696949005127
i_school,1->4,ORB,500,500,33,0.8787878787878788,0.30303030303030304,0.8787878787878788,18.061878,0.01198887825012207
i_school,1->4,BRISK,647,850,48,0.8333333333333334,0.3333333333333333,0.8333333333333334,37.61841,0.05846881866455078
i_school,1->4,LATCH,973,1347,101,0.900990099009901,0.45544554455445546,0.900990099009901,1.5190519,0.15558123588562012
i_school,1->5,SIFT,1197,2157,353,0.9093484419263456,0.509915014164306,0.9093484419263456,12.339439,0.12385845184326172
i_school,1->5,ORB,500,500,98,0.9591836734693877,0.4489795918367347,0.9591836734693877,2.0192716,0.011304855346679688
i_school,1->5,BRISK,647,1045,130,0.9615384615384616,0.45384615384615384,0.9615384615384616,4.3183894,0.0691990852355957
i_school,1->5,LATCH,973,1781,234,0.9273504273504274,0.5170940170940171,0.9273504273504274,1.7044355,0.17346620559692383
i_school,1->6,SIFT,1197,1202,214,0.7570093457943925,0.028037383177570093,0.7570093457943925,61.99639,0.10748481750488281
i_school,1->6,ORB,500,500,56,0.7857142857142857,0.05357142857142857,0.7857142857142857,32.424374,0.010861873626708984
i_school,1->6,BRISK,647,683,68,0.8235294117647058,0.10294117647058823,0.8235294117647058,21.398521,0.05499076843261719
i_school,1->6,LATCH,973,983,98,0.9081632653061225,0.01020408163265306,0.9081632653061225,4.6646714,0.13992691040039062
i_ski,1->2,SIFT,2343,2250,769,0.9583875162548765,0.88296488946684,0.9583875162548765,3.4708173,0.10576963424682617
i_ski,1->2,ORB,500,500,183,0.9398907103825137,0.726775956284153,0.9398907103825137,0.79244226,0.01488804817199707
i_ski,1->2,BRISK,5345,5096,1377,0.9760348583877996,0.7814088598402323,0.9760348583877996,1.1416419,0.2325291633605957
i_ski,1->2,LATCH,2019,1960,639,0.9295774647887324,0.812206572769953,0.9295774647887324,0.8449342,0.21021533012390137
i_ski,1->3,SIFT,2343,2105,477,0.9371069182389937,0.8050314465408805,0.9371069182389937,4.11112,0.12735342979431152
i_ski,1->3,ORB,500,500,103,0.8252427184466019,0.5048543689320388,0.8252427184466019,6.295584,0.015908241271972656
i_ski,1->3,BRISK,5345,4863,798,0.9411027568922306,0.6591478696741855,0.9411027568922306,2.010609,0.24629545211791992
i_ski,1->3,LATCH,2019,1812,422,0.9170616113744076,0.7132701421800948,0.9170616113744076,1.0117044,0.22045278549194336
i_ski,1->4,SIFT,2343,2081,349,0.9083094555873925,0.6762177650429799,0.9083094555873925,6.3822527,0.1348893642425537
i_ski,1->4,ORB,500,500,46,0.7608695652173914,0.41304347826086957,0.7608695652173914,1.979838,0.017376422882080078
i_ski,1->4,BRISK,5345,5027,463,0.9244060475161987,0.531317494600432,0.9244060475161987,4.96707,0.2777984142303467
i_ski,1->4,LATCH,2019,1797,287,0.9233449477351916,0.6515679442508711,0.9233449477351916,3.5337558,0.23310637474060059
i_ski,1->5,SIFT,2343,2028,249,0.9036144578313253,0.6626506024096386,0.9036144578313253,10.58491,0.11785316467285156
i_ski,1->5,ORB,500,500,31,0.7741935483870968,0.3225806451612903,0.7741935483870968,4.7220373,0.016962289810180664
i_ski,1->5,BRISK,5345,5024,312,0.9391025641025641,0.5769230769230769,0.9391025641025641,3.1288798,0.25602126121520996
i_ski,1->5,LATCH,2019,1765,211,0.8862559241706162,0.5876777251184834,0.8862559241706162,2.176969,0.22587180137634277
i_ski,1->6,SIFT,2343,1810,182,0.8736263736263736,0.6153846153846154,0.8736263736263736,21.561932,0.1492300033569336
i_ski,1->6,ORB,500,500,17,0.6470588235294118,0.23529411764705882,0.6470588235294118,16.116707,0.016423702239990234
i_ski,1->6,BRISK,5345,4555,219,0.9269406392694064,0.5159817351598174,0.9269406392694064,6.7763033,0.26233911514282227
i_ski,1->6,LATCH,2019,1573,143,0.8951048951048951,0.5944055944055944,0.8951048951048951,4.5317683,0.22002387046813965
i_smurf,1->2,SIFT,2193,2835,779,0.9614890885750963,0.8716302952503209,0.9614890885750963,5.0737143,0.17328405380249023
i_smurf,1->2,ORB,500,500,232,0.9482758620689655,0.8103448275862069,0.9482758620689655,0.52607244,0.022259950637817383
i_smurf,1->2,BRISK,2063,3476,745,0.9543624161073826,0.8120805369127517,0.9543624161073826,1.9259913,0.14405155181884766
i_smurf,1->2,LATCH,1823,2413,644,0.9347826086956522,0.7919254658385093,0.9347826086956522,2.3666978,0.27831053733825684
i_smurf,1->3,SIFT,2193,2907,740,0.9540540540540541,0.8675675675675676,0.9540540540540541,6.8833904,0.16699862480163574
i_smurf,1->3,ORB,500,500,158,0.9493670886075949,0.7721518987341772,0.9493670886075949,0.61038035,0.018643617630004883
i_smurf,1->3,BRISK,2063,3088,613,0.9461663947797716,0.8270799347471451,0.9461663947797716,4.516808,0.14069771766662598
i_smurf,1->3,LATCH,1823,2455,549,0.9344262295081968,0.7832422586520947,0.9344262295081968,4.753169,0.28122878074645996
i_smurf,1->4,SIFT,2193,2950,636,0.9433962264150944,0.85062893081761,0.9433962264150944,6.7567377,0.15731525421142578
i_smurf,1->4,ORB,500,500,138,0.9202898550724637,0.7463768115942029,0.9202898550724637,0.79979986,0.01813483238220215
i_smurf,1->4,BRISK,2063,3483,571,0.9649737302977233,0.8056042031523643,0.9649737302977233,1.5864298,0.13977813720703125
i_smurf,1->4,LATCH,1823,2511,477,0.9203354297693921,0.7861635220125787,0.9203354297693921,3.9885483,0.2683992385864258
i_smurf,1->5,SIFT,2193,2898,558,0.9480286738351255,0.8440860215053764,0.9480286738351255,5.03464,0.1594226360321045
i_smurf,1->5,ORB,500,500,129,0.8837209302325582,0.7131782945736435,0.8837209302325582,1.134118,0.018019914627075195
i_smurf,1->5,BRISK,2063,3411,510,0.9568627450980393,0.8215686274509804,0.9568627450980393,2.5115561,0.14922523498535156
i_smurf,1->5,LATCH,1823,2442,426,0.9413145539906104,0.7816901408450704,0.9413145539906104,2.6575034,0.2747359275817871
i_smurf,1->6,SIFT,2193,2519,474,0.9261603375527426,0.8248945147679325,0.9261603375527426,13.693014,0.15600228309631348
i_smurf,1->6,ORB,500,500,76,0.8289473684210527,0.7105263157894737,0.8289473684210527,5.9467864,0.016759395599365234
i_smurf,1->6,BRISK,2063,2453,311,0.9453376205787781,0.8360128617363344,0.9453376205787781,5.379572,0.11784195899963379
i_smurf,1->6,LATCH,1823,2064,288,0.9166666666666666,0.7152777777777778,0.9166666666666666,5.366419,0.2558403015136719
i_steps,1->2,SIFT,1610,988,462,0.8095238095238095,0.658008658008658,0.8095238095238095,12.364975,0.1835308074951172
i_steps,1->2,ORB,500,500,246,0.9512195121951219,0.7276422764227642,0.9512195121951219,1.0530013,0.015464544296264648
i_steps,1->2,BRISK,1990,1334,677,0.9364844903988183,0.6262924667651403,0.9364844903988183,6.1738615,0.10769939422607422
i_steps,1->2,LATCH,1412,913,414,0.8961352657004831,0.6714975845410628,0.8961352657004831,1.6568794,0.2800731658935547
i_steps,1->3,SIFT,1610,1503,627,0.9059011164274322,0.5342902711323764,0.9059011164274322,7.238675,0.20035600662231445
i_steps,1->3,ORB,500,500,211,0.909952606635071,0.5023696682464455,0.909952606635071,3.3475971,0.016556978225708008
i_steps,1->3,BRISK,1990,1858,722,0.9265927977839336,0.4515235457063712,0.9265927977839336,2.7533538,0.11656856536865234
i_steps,1->3,LATCH,1412,1340,570,0.9070175438596492,0.5175438596491229,0.9070175438596492,5.062875,0.2844552993774414
i_steps,1->4,SIFT,1610,3386,613,0.933115823817292,0.5872756933115824,0.933115823817292,11.838342,0.21679306030273438
i_steps,1->4,ORB,500,500,161,0.9503105590062112,0.453416149068323,0.9503105590062112,1.4491435,0.0189056396484375
i_steps,1->4,BRISK,1990,4344,801,0.9625468164794008,0.47191011235955055,0.9625468164794008,2.4213765,0.16762423515319824
i_steps,1->4,LATCH,1412,3105,597,0.9514237855946399,0.5644891122278057,0.9514237855946399,2.0343342,0.34141087532043457
i_steps,1->5,SIFT,1610,3314,142,0.852112676056338,0.43661971830985913,0.852112676056338,29.0645,0.20294547080993652
i_steps,1->5,ORB,500,500,10,0.2,0.0,0.2,323.6401,0.018449783325195312
i_steps,1->5,BRISK,1990,4163,143,0.8811188811188811,0.2937062937062937,0.8811188811188811,22.83497,0.16574811935424805
i_steps,1->5,LATCH,1412,3028,161,0.906832298136646,0.36024844720496896,0.906832298136646,2.461179,0.34369897842407227
i_steps,1->6,SIFT,1610,3649,324,0.8672839506172839,0.37037037037037035,0.8672839506172839,12.918883,0.192399263381958
i_steps,1->6,ORB,500,500,45,0.7555555555555555,0.24444444444444444,0.7555555555555555,34.75206,0.019529104232788086
i_steps,1->6,BRISK,1990,5387,429,0.9137529137529138,0.27505827505827507,0.9137529137529138,4.5958157,0.1795952320098877
i_steps,1->6,LATCH,1412,3304,350,0.9285714285714286,0.35428571428571426,0.9285714285714286,1.7269906,0.3378629684448242
i_table,1->2,SIFT,7468,7619,1332,0.8708708708708709,0.07057057057057058,0.8708708708708709,29.22635,0.472362756729126
i_table,1->2,ORB,500,500,52,0.8269230769230769,0.3076923076923077,0.8269230769230769,18.787596,0.0452420711517334
i_table,1->2,BRISK,17368,17522,1674,0.8906810035842294,0.11170848267622462,0.8906810035842294,13.558227,1.0669100284576416
i_table,1->2,LATCH,7264,7412,1067,0.9278350515463918,0.08059981255857544,0.9278350515463918,7.013099,0.8101444244384766
i_table,1->3,SIFT,7468,7658,985,0.8771573604060914,0.049746192893401014,0.8771573604060914,33.36943,0.43755507469177246
i_table,1->3,ORB,500,500,16,0.75,0.0,0.75,96.92983,0.04312705993652344
i_table,1->3,BRISK,17368,15849,954,0.8920335429769392,0.1069182389937107,0.8920335429769392,23.904991,0.9791066646575928
i_table,1->3,LATCH,7264,7487,624,0.9102564102564102,0.057692307692307696,0.9102564102564102,7.78171,0.8830125331878662
i_table,1->4,SIFT,7468,7403,505,0.8257425742574257,0.02178217821782178,0.8257425742574257,50.80437,0.5753538608551025
i_table,1->4,ORB,500,500,22,0.7272727272727273,0.0,0.7272727272727273,80.26452,0.06532478332519531
i_table,1->4,BRISK,17368,16128,458,0.7882096069868996,0.06986899563318777,0.7882096069868996,62.320133,1.2259457111358643
i_table,1->4,LATCH,7264,7215,232,0.9525862068965517,0.034482758620689655,0.9525862068965517,13.996111,0.8101885318756104
i_table,1->5,SIFT,7468,7133,598,0.842809364548495,0.021739130434782608,0.842809364548495,48.979122,0.43953514099121094
i_table,1->5,ORB,500,500,24,0.75,0.041666666666666664,0.75,90.15875,0.04410672187805176
i_table,1->5,BRISK,17368,16095,478,0.8556485355648535,0.08158995815899582,0.8556485355648535,48.016792,0.968609094619751
i_table,1->5,LATCH,7264,6954,292,0.952054794520548,0.030821917808219176,0.952054794520548,8.080962,1.0218729972839355
i_table,1->6,SIFT,7468,7898,2439,0.9434194341943419,0.8257482574825749,0.9434194341943419,10.289889,0.5744023323059082
i_table,1->6,ORB,500,500,111,0.9459459459459459,0.5225225225225225,0.9459459459459459,8.013593,0.0578005313873291
i_table,1->6,BRISK,17368,15925,3590,0.9428969359331476,0.6947075208913649,0.9428969359331476,6.958467,2.763874053955078
i_table,1->6,LATCH,7264,7708,2230,0.9591928251121076,0.8040358744394619,0.9591928251121076,1.6446612,1.056760549545288
i_tools,1->2,SIFT,2780,2267,173,0.2774566473988439,0.005780346820809248,0.2774566473988439,236.85161,0.31156182289123535
i_tools,1->2,ORB,500,500,8,0.375,0.0,0.375,130.9264,0.028789758682250977
i_tools,1->2,BRISK,4127,5621,69,0.5362318840579711,0.0,0.5362318840579711,113.44266,0.25206470489501953
i_tools,1->2,LATCH,2677,2202,64,0.609375,0.0,0.609375,76.25368,0.4132673740386963
i_tools,1->3,SIFT,2780,1454,277,0.3176895306859206,0.0,0.3176895306859206,179.48846,0.2564961910247803
i_tools,1->3,ORB,500,500,6,0.16666666666666666,0.0,0.16666666666666666,84.32145,0.023504018783569336
i_tools,1->3,BRISK,4127,2620,170,0.4588235294117647,0.0058823529411764705,0.4588235294117647,70.92146,0.17240524291992188
i_tools,1->3,LATCH,2677,1433,119,0.6050420168067226,0.025210084033613446,0.6050420168067226,39.304737,0.38805580139160156
i_tools,1->4,SIFT,2780,2255,244,0.20491803278688525,0.0,0.20491803278688525,190.95213,0.2981417179107666
i_tools,1->4,ORB,500,500,2,0.0,0.0,0.0,254.8536,0.025251150131225586
i_tools,1->4,BRISK,4127,4748,119,0.35294117647058826,0.0,0.35294117647058826,50.366524,0.2186720371246338
i_tools,1->4,LATCH,2677,2209,88,0.4431818181818182,0.0,0.4431818181818182,4.0383143,0.41868066787719727
i_tools,1->5,SIFT,2780,2261,561,0.26916221033868093,0.0017825311942959,0.26916221033868093,87.20767,0.2860851287841797
i_tools,1->5,ORB,500,500,109,0.5321100917431193,0.009174311926605505,0.5321100917431193,13.605788,0.02447199821472168
i_tools,1->5,BRISK,4127,4171,698,0.3667621776504298,0.0057306590257879654,0.3667621776504298,23.035557,0.19853591918945312
i_tools,1->5,LATCH,2677,2142,495,0.36363636363636365,0.012121212121212121,0.36363636363636365,7.5416183,0.40741562843322754
i_tools,1->6,SIFT,2780,2367,191,0.0,0.0,0.0,172.5497,0.2828843593597412
i_tools,1->6,ORB,500,500,4,0.0,0.0,0.0,373.5547,0.026287078857421875
i_tools,1->6,BRISK,4127,4969,98,0.02040816326530612,0.0,0.02040816326530612,54.742676,0.21192002296447754
i_tools,1->6,LATCH,2677,2330,89,0.0449438202247191,0.0,0.0449438202247191,40.702965,0.41878843307495117
i_toy,1->2,SIFT,1177,1261,673,0.974739970282318,0.8841010401188707,0.974739970282318,1.249913,0.09483551979064941
i_toy,1->2,ORB,500,500,332,0.9759036144578314,0.8704819277108434,0.9759036144578314,0.32501704,0.012492895126342773
i_toy,1->2,BRISK,830,910,537,0.9683426443202979,0.8938547486033519,0.9683426443202979,0.52361465,0.0663139820098877
i_toy,1->2,LATCH,977,1074,499,0.9458917835671342,0.8276553106212425,0.9458917835671342,1.1969736,0.14657163619995117
i_toy,1->3,SIFT,1177,1389,506,0.9525691699604744,0.849802371541502,0.9525691699604744,3.8253877,0.10730576515197754
i_toy,1->3,ORB,500,500,209,0.9569377990430622,0.7703349282296651,0.9569377990430622,0.56469166,0.011521100997924805
i_toy,1->3,BRISK,830,1028,397,0.9496221662468514,0.8387909319899244,0.9496221662468514,1.8936844,0.07266688346862793
i_toy,1->3,LATCH,977,1180,368,0.9538043478260869,0.7989130434782609,0.9538043478260869,0.7502987,0.16392064094543457
i_toy,1->4,SIFT,1177,1369,297,0.9427609427609428,0.8653198653198653,0.9427609427609428,1.5978217,0.10955238342285156
i_toy,1->4,ORB,500,500,130,0.9615384615384616,0.6692307692307692,0.9615384615384616,1.2990464,0.012123823165893555
i_toy,1->4,BRISK,830,1024,235,0.9617021276595744,0.825531914893617,0.9617021276595744,1.9187795,0.06836605072021484
i_toy,1->4,LATCH,977,1137,187,0.9411764705882353,0.8181818181818182,0.9411764705882353,1.4995692,0.14950203895568848
i_toy,1->5,SIFT,1177,1433,144,0.9513888888888888,0.8194444444444444,0.9513888888888888,6.9342237,0.10961532592773438
i_toy,1->5,ORB,500,500,71,0.9014084507042254,0.4647887323943662,0.9014084507042254,1.4667131,0.011247396469116211
i_toy,1->5,BRISK,830,1071,107,0.9532710280373832,0.7663551401869159,0.9532710280373832,2.9554439,0.06778311729431152
i_toy,1->5,LATCH,977,1189,75,0.9333333333333333,0.7733333333333333,0.9333333333333333,2.58415,0.15082526206970215
i_toy,1->6,SIFT,1177,1117,36,0.9166666666666666,0.6666666666666666,0.9166666666666666,21.433788,0.0927278995513916
i_toy,1->6,ORB,500,500,9,0.5555555555555556,0.1111111111111111,0.5555555555555556,34.572105,0.010989189147949219
i_toy,1->6,BRISK,830,769,25,0.96,0.8,0.96,0.98346084,0.06402873992919922
i_toy,1->6,LATCH,977,942,5,0.8,0.4,0.8,97.25975,0.145294189453125
i_troulos,1->2,SIFT,706,357,126,0.7301587301587301,0.5,0.7301587301587301,41.952385,0.1018838882446289
i_troulos,1->2,ORB,500,493,82,0.8414634146341463,0.4268292682926829,0.8414634146341463,8.33153,0.009639739990234375
i_troulos,1->2,BRISK,509,278,95,0.8736842105263158,0.5157894736842106,0.8736842105263158,15.394697,0.04446911811828613
i_troulos,1->2,LATCH,680,356,111,0.8018018018018018,0.5225225225225225,0.8018018018018018,6.083019,0.11703634262084961
i_troulos,1->3,SIFT,706,486,96,0.052083333333333336,0.0,0.052083333333333336,50.308807,0.10161447525024414
i_troulos,1->3,ORB,500,497,63,0.23809523809523808,0.0,0.23809523809523808,50.669735,0.009686470031738281
i_troulos,1->3,BRISK,509,456,64,0.078125,0.0,0.078125,15.570304,0.046968698501586914
i_troulos,1->3,LATCH,680,463,78,0.15384615384615385,0.02564102564102564,0.15384615384615385,33.86263,0.12114167213439941
i_troulos,1->4,SIFT,706,946,290,0.8689655172413793,0.7448275862068966,0.8689655172413793,12.187115,0.10901594161987305
i_troulos,1->4,ORB,500,500,116,0.9396551724137931,0.7413793103448276,0.9396551724137931,9.434416,0.00956106185913086
i_troulos,1->4,BRISK,509,487,174,0.9655172413793104,0.7988505747126436,0.9655172413793104,3.3133314,0.046000003814697266
i_troulos,1->4,LATCH,680,893,246,0.8780487804878049,0.7317073170731707,0.8780487804878049,4.0034647,0.13161516189575195
i_troulos,1->5,SIFT,706,1811,102,0.696078431372549,0.3333333333333333,0.696078431372549,48.097507,0.10967564582824707
i_troulos,1->5,ORB,500,500,25,0.68,0.36,0.68,6.011804,0.010122299194335938
i_troulos,1->5,BRISK,509,1707,39,0.8717948717948718,0.38461538461538464,0.8717948717948718,17.055534,0.0674891471862793
i_troulos,1->5,LATCH,680,1658,51,0.9215686274509803,0.4117647058823529,0.9215686274509803,6.678916,0.1609330177307129
i_troulos,1->6,SIFT,706,750,171,0.7368421052631579,0.04093567251461988,0.7368421052631579,40.456654,0.09967207908630371
i_troulos,1->6,ORB,500,500,63,0.9365079365079365,0.1111111111111111,0.9365079365079365,2.043132,0.009432792663574219
i_troulos,1->6,BRISK,509,628,110,0.9363636363636364,0.045454545454545456,0.9363636363636364,7.5589094,0.04816031455993652
i_troulos,1->6,LATCH,680,734,122,0.9180327868852459,0.040983606557377046,0.9180327868852459,4.414619,0.13061189651489258
i_veggies,1->2,SIFT,2484,2521,1279,0.9687255668491008,0.8999218139171228,0.9687255668491008,2.4380264,0.17324233055114746
i_veggies,1->2,ORB,500,500,190,0.8894736842105263,0.7,0.8894736842105263,1.9528338,0.01792287826538086
i_veggies,1->2,BRISK,3627,3832,1988,0.9587525150905433,0.8153923541247485,0.9587525150905433,1.3704181,0.16783952713012695
i_veggies,1->2,LATCH,2374,2386,1183,0.94843617920541,0.8486897717666948,0.94843617920541,2.2301505,0.2768516540527344
i_veggies,1->3,SIFT,2484,2273,497,0.9255533199195171,0.8189134808853119,0.9255533199195171,13.165946,0.15883278846740723
i_veggies,1->3,ORB,500,500,45,0.8,0.5777777777777777,0.8,21.666155,0.017447233200073242
i_veggies,1->3,BRISK,3627,3804,764,0.9319371727748691,0.7342931937172775,0.9319371727748691,3.0848334,0.17061257362365723
i_veggies,1->3,LATCH,2374,2163,406,0.9088669950738916,0.7512315270935961,0.9088669950738916,10.375688,0.27506089210510254
i_veggies,1->4,SIFT,2484,2335,537,0.9180633147113594,0.8324022346368715,0.9180633147113594,7.609788,0.17132925987243652
i_veggies,1->4,ORB,500,500,59,0.6949152542372882,0.5084745762711864,0.6949152542372882,16.116745,0.017420053482055664
i_veggies,1->4,BRISK,3627,3429,720,0.9166666666666666,0.7138888888888889,0.9166666666666666,5.616682,0.16965150833129883
i_veggies,1->4,LATCH,2374,2241,430,0.9232558139534883,0.7488372093023256,0.9232558139534883,5.2946925,0.29540205001831055
i_veggies,1->5,SIFT,2484,2195,104,0.6153846153846154,0.4807692307692308,0.6153846153846154,54.699223,0.17635297775268555
i_veggies,1->5,ORB,500,500,5,0.2,0.2,0.2,27.264492,0.018949031829833984
i_veggies,1->5,BRISK,3627,3267,112,0.7410714285714286,0.5625,0.7410714285714286,31.396885,0.16924834251403809
i_veggies,1->5,LATCH,2374,2126,56,0.8392857142857143,0.5,0.8392857142857143,11.53331,0.304262638092041
i_veggies,1->6,SIFT,2484,2118,96,0.5416666666666666,0.4479166666666667,0.5416666666666666,70.09811,0.16319870948791504
i_veggies,1->6,ORB,500,500,5,0.2,0.2,0.2,52.21814,0.018538951873779297
i_veggies,1->6,BRISK,3627,3249,82,0.573170731707317,0.47560975609756095,0.573170731707317,46.70558,0.1846790313720703
i_veggies,1->6,LATCH,2374,2050,35,0.5714285714285714,0.45714285714285713,0.5714285714285714,22.093283,0.2997424602508545
i_village,1->2,SIFT,1707,1055,78,0.8461538461538461,0.6794871794871795,0.8461538461538461,34.064636,0.11520099639892578
i_village,1->2,ORB,500,500,16,0.75,0.5,0.75,1.9864119,0.016327857971191406
i_village,1->2,BRISK,7990,3720,169,0.9171597633136095,0.7988165680473372,0.9171597633136095,17.102436,0.28027820587158203
i_village,1->2,LATCH,1461,939,48,0.9375,0.7291666666666666,0.9375,9.183402,0.15776419639587402
i_village,1->3,SIFT,1707,1491,61,0.819672131147541,0.5573770491803278,0.819672131147541,39.10145,0.09420275688171387
i_village,1->3,ORB,500,500,15,0.6666666666666666,0.4666666666666667,0.6666666666666666,29.307352,0.01764822006225586
i_village,1->3,BRISK,7990,6363,142,0.9295774647887324,0.7112676056338029,0.9295774647887324,9.696799,0.35231757164001465
i_village,1->3,LATCH,1461,1308,41,0.926829268292683,0.6829268292682927,0.926829268292683,1.1192447,0.17288970947265625
i_village,1->4,SIFT,1707,1297,66,0.803030303030303,0.5606060606060606,0.803030303030303,55.04032,0.09745573997497559
i_village,1->4,ORB,500,500,11,0.5454545454545454,0.2727272727272727,0.5454545454545454,28.407354,0.015553951263427734
i_village,1->4,BRISK,7990,5557,174,0.9310344827586207,0.735632183908046,0.9310344827586207,10.364781,0.3018770217895508
i_village,1->4,LATCH,1461,1137,54,0.8333333333333334,0.46296296296296297,0.8333333333333334,4.3303943,0.14903616905212402
i_village,1->5,SIFT,1707,1790,431,0.962877030162413,0.8375870069605569,0.962877030162413,4.9694834,0.09036970138549805
i_village,1->5,ORB,500,500,94,0.925531914893617,0.7446808510638298,0.925531914893617,13.219957,0.018039941787719727
i_village,1->5,BRISK,7990,11080,1454,0.982806052269601,0.8012379642365888,0.982806052269601,1.5134585,0.4522264003753662
i_village,1->5,LATCH,1461,1563,352,0.9431818181818182,0.7727272727272727,0.9431818181818182,2.1673098,0.16710400581359863
i_village,1->6,SIFT,1707,1504,86,0.8255813953488372,0.6046511627906976,0.8255813953488372,17.328892,0.08527970314025879
i_village,1->6,ORB,500,500,5,0.6,0.2,0.6,49.274574,0.015805959701538086
i_village,1->6,BRISK,7990,6872,197,0.934010152284264,0.6548223350253807,0.934010152284264,6.775216,0.3493506908416748
i_village,1->6,LATCH,1461,1376,60,0.9333333333333333,0.5666666666666667,0.9333333333333333,5.2860966,0.15938997268676758
i_whitebuilding,1->2,SIFT,1750,1661,983,0.9257375381485249,0.8799593082400814,0.9257375381485249,17.230267,1.1558513641357422
i_whitebuilding,1->2,ORB,500,500,335,0.9850746268656716,0.9104477611940298,0.9850746268656716,0.23106743,0.0485072135925293
i_whitebuilding,1->2,BRISK,1787,1713,1135,0.9718061674008811,0.8801762114537445,0.9718061674008811,3.0524616,0.13547277450561523
i_whitebuilding,1->2,LATCH,1669,1576,993,0.9144008056394763,0.8418932527693856,0.9144008056394763,4.552885,1.1502723693847656
i_whitebuilding,1->3,SIFT,1750,1504,666,0.8648648648648649,0.7612612612612613,0.8648648648648649,34.42844,1.2574424743652344
i_whitebuilding,1->3,ORB,500,500,180,0.9722222222222222,0.7888888888888889,0.9722222222222222,5.0847807,0.050759077072143555
i_whitebuilding,1->3,BRISK,1787,1319,668,0.9101796407185628,0.7425149700598802,0.9101796407185628,16.112865,0.12590742111206055
i_whitebuilding,1->3,LATCH,1669,1391,657,0.8797564687975646,0.7168949771689498,0.8797564687975646,8.039327,1.2788810729980469
i_whitebuilding,1->4,SIFT,1750,1487,350,0.76,0.6057142857142858,0.76,89.22881,1.1790997982025146
i_whitebuilding,1->4,ORB,500,500,29,0.6206896551724138,0.41379310344827586,0.6206896551724138,55.218246,0.046280622482299805
i_whitebuilding,1->4,BRISK,1787,1699,264,0.8257575757575758,0.6363636363636364,0.8257575757575758,54.269855,0.1339435577392578
i_whitebuilding,1->4,LATCH,1669,1373,304,0.7927631578947368,0.5625,0.7927631578947368,27.081495,1.1221792697906494
i_whitebuilding,1->5,SIFT,1750,1705,340,0.711764705882353,0.55,0.711764705882353,69.28999,2.622662305831909
i_whitebuilding,1->5,ORB,500,500,47,0.8085106382978723,0.6808510638297872,0.8085106382978723,82.73276,0.0481259822845459
i_whitebuilding,1->5,BRISK,1787,1921,272,0.8676470588235294,0.6397058823529411,0.8676470588235294,40.983505,0.14963269233703613
i_whitebuilding,1->5,LATCH,1669,1645,235,0.8042553191489362,0.5957446808510638,0.8042553191489362,29.445158,1.2575044631958008
i_whitebuilding,1->6,SIFT,1750,2165,312,0.7371794871794872,0.5705128205128205,0.7371794871794872,86.12623,1.158247470855713
i_whitebuilding,1->6,ORB,500,500,55,0.8181818181818182,0.6545454545454545,0.8181818181818182,87.155815,0.04411482810974121
i_whitebuilding,1->6,BRISK,1787,2602,252,0.8611111111111112,0.6468253968253969,0.8611111111111112,38.533142,0.13651752471923828
i_whitebuilding,1->6,LATCH,1669,2102,235,0.8127659574468085,0.5659574468085107,0.8127659574468085,36.86666,1.159027338027954
i_yellowtent,1->2,SIFT,3238,3331,1622,0.8958076448828607,0.815043156596794,0.8958076448828607,12.126038,0.18561172485351562
i_yellowtent,1->2,ORB,500,500,220,0.8590909090909091,0.7045454545454546,0.8590909090909091,12.418147,0.0195925235748291
i_yellowtent,1->2,BRISK,4284,4415,2177,0.9067524115755627,0.7671107028020211,0.9067524115755627,9.404644,0.2455296516418457
i_yellowtent,1->2,LATCH,2930,3028,1580,0.9006329113924051,0.7930379746835443,0.9006329113924051,7.847825,0.3267953395843506
i_yellowtent,1->3,SIFT,3238,3019,734,0.8106267029972752,0.6852861035422343,0.8106267029972752,23.573887,0.1718287467956543
i_yellowtent,1->3,ORB,500,500,65,0.8923076923076924,0.7384615384615385,0.8923076923076924,10.298305,0.019547462463378906
i_yellowtent,1->3,BRISK,4284,3983,918,0.8246187363834423,0.6579520697167756,0.8246187363834423,18.46621,0.2226264476776123
i_yellowtent,1->3,LATCH,2930,2770,600,0.8616666666666667,0.6716666666666666,0.8616666666666667,8.678253,0.3402893543243408
i_yellowtent,1->4,SIFT,3238,2296,248,0.6370967741935484,0.5564516129032258,0.6370967741935484,57.318344,0.1755053997039795
i_yellowtent,1->4,ORB,500,500,21,1.0,0.7619047619047619,1.0,0.61877763,0.019510507583618164
i_yellowtent,1->4,BRISK,4284,2867,373,0.8016085790884718,0.6568364611260054,0.8016085790884718,23.808495,0.21781086921691895
i_yellowtent,1->4,LATCH,2930,2140,181,0.861878453038674,0.6574585635359116,0.861878453038674,5.261873,0.336383581161499
i_yellowtent,1->5,SIFT,3238,2967,399,0.7443609022556391,0.5889724310776943,0.7443609022556391,43.511482,0.19869160652160645
i_yellowtent,1->5,ORB,500,500,40,0.425,0.3,0.425,118.49654,0.022490978240966797
i_yellowtent,1->5,BRISK,4284,4112,465,0.7591397849462366,0.6387096774193548,0.7591397849462366,36.681705,0.23922419548034668
i_yellowtent,1->5,LATCH,2930,2804,360,0.8527777777777777,0.6555555555555556,0.8527777777777777,14.561556,0.36309170722961426
i_yellowtent,1->6,SIFT,3238,2682,206,0.6407766990291263,0.45145631067961167,0.6407766990291263,66.119835,0.18465065956115723
i_yellowtent,1->6,ORB,500,500,18,0.5,0.3888888888888889,0.5,129.27211,0.021180391311645508
i_yellowtent,1->6,BRISK,4284,3848,252,0.7063492063492064,0.5634920634920635,0.7063492063492064,44.908394,0.24225521087646484
i_yellowtent,1->6,LATCH,2930,2532,143,0.7902097902097902,0.5454545454545454,0.7902097902097902,17.126867,0.33990907669067383
i_zion,1->2,SIFT,3927,4998,1113,0.9892183288409704,0.8301886792452831,0.9892183288409704,1.6526957,0.28048014640808105
i_zion,1->2,ORB,500,500,173,0.9421965317919075,0.5375722543352601,0.9421965317919075,1.0517721,0.025325298309326172
i_zion,1->2,BRISK,3530,4830,985,0.9807106598984772,0.7431472081218274,0.9807106598984772,1.431231,0.24902820587158203
i_zion,1->2,LATCH,3654,4606,1047,0.9703915950334289,0.7679083094555874,0.9703915950334289,0.8462664,0.5788955688476562
i_zion,1->3,SIFT,3927,6549,291,0.9759450171821306,0.584192439862543,0.9759450171821306,4.0784736,0.32587337493896484
i_zion,1->3,ORB,500,500,46,0.8043478260869565,0.30434782608695654,0.8043478260869565,23.1228,0.027808427810668945
i_zion,1->3,BRISK,3530,8306,299,0.9565217391304348,0.46153846153846156,0.9565217391304348,6.327075,0.30704641342163086
i_zion,1->3,LATCH,3654,5980,252,0.9682539682539683,0.5277777777777778,0.9682539682539683,2.9343152,0.6103808879852295
i_zion,1->4,SIFT,3927,4603,123,0.9349593495934959,0.45528455284552843,0.9349593495934959,19.173676,0.30089259147644043
i_zion,1->4,ORB,500,500,34,0.8529411764705882,0.2647058823529412,0.8529411764705882,14.599519,0.025101900100708008
i_zion,1->4,BRISK,3530,6117,143,0.958041958041958,0.4405594405594406,0.958041958041958,13.263384,0.24863266944885254
i_zion,1->4,LATCH,3654,4365,106,0.9811320754716981,0.36792452830188677,0.9811320754716981,1.2871956,0.5571229457855225
i_zion,1->5,SIFT,3927,3421,40,0.775,0.45,0.775,92.62793,0.32476139068603516
i_zion,1->5,ORB,500,500,10,0.7,0.2,0.7,44.357735,0.02777695655822754
i_zion,1->5,BRISK,3530,4794,38,0.8157894736842105,0.2894736842105263,0.8157894736842105,72.90135,0.2575969696044922
i_zion,1->5,LATCH,3654,3303,23,0.782608695652174,0.17391304347826086,0.782608695652174,71.400856,0.532254695892334
i_zion,1->6,SIFT,3927,1251,18,0.5,0.16666666666666666,0.5,212.56226,0.2767064571380615
i_zion,1->6,ORB,500,500,0,0,0,0,0,0.0228421688079834
i_zion,1->6,BRISK,3530,1536,19,0.5789473684210527,0.10526315789473684,0.5789473684210527,115.70226,0.1714773178100586
i_zion,1->6,LATCH,3654,1195,5,0.8,0.2,0.8,1.8658237,0.437774658203125
v_abstract,1->2,SIFT,4024,3649,1535,0.8788273615635179,0.644299674267101,0.8788273615635179,73.49796,0.4826998710632324
v_abstract,1->2,ORB,500,500,195,0.9025641025641026,0.47692307692307695,0.9025641025641026,10.852067,0.03722023963928223
v_abstract,1->2,BRISK,4898,4300,1741,0.929350947731189,0.607696726019529,0.929350947731189,29.443354,0.2662215232849121
v_abstract,1->2,LATCH,3665,3332,1046,0.8518164435946463,0.6118546845124283,0.8518164435946463,62.146923,0.6346943378448486
v_abstract,1->3,SIFT,4024,4143,1316,0.8419452887537994,0.5144376899696048,0.8419452887537994,81.56895,0.4001739025115967
v_abstract,1->3,ORB,500,500,180,0.8611111111111112,0.3611111111111111,0.8611111111111112,5.373308,0.04184389114379883
v_abstract,1->3,BRISK,4898,5518,1363,0.9229640498899486,0.5297138664710198,0.9229640498899486,29.171589,0.37427854537963867
v_abstract,1->3,LATCH,3665,3877,552,0.8840579710144928,0.46557971014492755,0.8840579710144928,29.465141,0.8252594470977783
v_abstract,1->4,SIFT,4024,4076,437,0.540045766590389,0.18764302059496568,0.540045766590389,159.25865,0.48953723907470703
v_abstract,1->4,ORB,500,500,96,0.6770833333333334,0.10416666666666667,0.6770833333333334,40.190624,0.042333126068115234
v_abstract,1->4,BRISK,4898,5155,382,0.725130890052356,0.18848167539267016,0.725130890052356,49.54494,0.368105411529541
v_abstract,1->4,LATCH,3665,3715,72,0.4444444444444444,0.125,0.4444444444444444,80.706726,0.8652896881103516
v_abstract,1->5,SIFT,4024,3563,996,0.7108433734939759,0.30220883534136544,0.7108433734939759,129.26976,0.5603094100952148
v_abstract,1->5,ORB,500,500,84,0.6785714285714286,0.19047619047619047,0.6785714285714286,15.440338,0.04697299003601074
v_abstract,1->5,BRISK,4898,4265,871,0.7979334098737084,0.26865671641791045,0.7979334098737084,51.11256,0.39198756217956543
v_abstract,1->5,LATCH,3665,3291,453,0.8057395143487859,0.32450331125827814,0.8057395143487859,63.636745,0.9772751331329346
v_abstract,1->6,SIFT,4024,3244,420,0.4523809523809524,0.1595238095238095,0.4523809523809524,140.48987,0.5151529312133789
v_abstract,1->6,ORB,500,500,27,0.3333333333333333,0.037037037037037035,0.3333333333333333,79.482956,0.04064607620239258
v_abstract,1->6,BRISK,4898,3984,272,0.5477941176470589,0.11764705882352941,0.5477941176470589,68.02167,0.32613062858581543
v_abstract,1->6,LATCH,3665,2946,93,0.5698924731182796,0.13978494623655913,0.5698924731182796,100.49127,0.7822227478027344
v_adam,1->2,SIFT,642,432,273,0.9523809523809523,0.6373626373626373,0.9523809523809523,10.391642,0.10077381134033203
v_adam,1->2,ORB,500,500,146,0.952054794520548,0.410958904109589,0.952054794520548,4.42576,0.013199806213378906
v_adam,1->2,BRISK,292,249,86,0.9534883720930233,0.43023255813953487,0.9534883720930233,5.279628,0.09916472434997559
v_adam,1->2,LATCH,462,402,124,0.967741935483871,0.5483870967741935,0.967741935483871,1.0452926,0.1372227668762207
v_adam,1->3,SIFT,642,318,198,0.9494949494949495,0.494949494949495,0.9494949494949495,8.38118,0.10527491569519043
v_adam,1->3,ORB,500,500,120,0.9333333333333333,0.375,0.9333333333333333,2.204809,0.011659383773803711
v_adam,1->3,BRISK,292,228,67,0.9552238805970149,0.417910447761194,0.9552238805970149,5.0027485,0.09421706199645996
v_adam,1->3,LATCH,462,316,47,0.9787234042553191,0.5531914893617021,0.9787234042553191,1.0179117,0.14589619636535645
v_adam,1->4,SIFT,642,290,94,0.6702127659574468,0.1702127659574468,0.6702127659574468,46.63983,0.1070401668548584
v_adam,1->4,ORB,500,500,16,0.75,0.1875,0.75,40.491184,0.01221013069152832
v_adam,1->4,BRISK,292,210,15,0.7333333333333333,0.0,0.7333333333333333,31.558432,0.09700274467468262
v_adam,1->4,LATCH,462,275,9,0.2222222222222222,0.1111111111111111,0.2222222222222222,84.09802,0.11723947525024414
v_adam,1->5,SIFT,642,318,173,0.8265895953757225,0.3988439306358382,0.8265895953757225,29.867163,0.10592103004455566
v_adam,1->5,ORB,500,500,64,0.90625,0.21875,0.90625,5.5107017,0.012202024459838867
v_adam,1->5,BRISK,292,197,35,0.9142857142857143,0.2571428571428571,0.9142857142857143,2.2354329,0.09491825103759766
v_adam,1->5,LATCH,462,308,46,0.9347826086956522,0.4782608695652174,0.9347826086956522,8.528069,0.13027644157409668
v_adam,1->6,SIFT,642,291,140,0.8428571428571429,0.36428571428571427,0.8428571428571429,30.590525,0.09732437133789062
v_adam,1->6,ORB,500,500,80,0.9125,0.3375,0.9125,5.2882853,0.011672735214233398
v_adam,1->6,BRISK,292,208,48,0.9375,0.3125,0.9375,5.8115616,0.0923457145690918
v_adam,1->6,LATCH,462,272,34,0.8823529411764706,0.5294117647058824,0.8823529411764706,10.425462,0.12286520004272461
v_apprentices,1->2,SIFT,10023,9091,4748,0.9414490311710194,0.8734203875315922,0.9414490311710194,25.329988,0.921248197555542
v_apprentices,1->2,ORB,500,500,199,0.9246231155778895,0.5728643216080402,0.9246231155778895,23.047546,0.08587217330932617
v_apprentices,1->2,BRISK,23487,21119,10016,0.9533746006389776,0.6872004792332268,0.9533746006389776,5.347608,3.407496929168701
v_apprentices,1->2,LATCH,9603,8963,4056,0.9647435897435898,0.8624260355029586,0.9647435897435898,2.4128032,1.5638976097106934
v_apprentices,1->3,SIFT,10023,9396,3177,0.9112370160528801,0.6449480642115203,0.9112370160528801,46.58783,0.8114025592803955
v_apprentices,1->3,ORB,500,500,106,0.8113207547169812,0.44339622641509435,0.8113207547169812,67.48877,0.08014345169067383
v_apprentices,1->3,BRISK,23487,22326,4538,0.9096518289995593,0.48479506390480387,0.9096518289995593,11.2591,1.8328180313110352
v_apprentices,1->3,LATCH,9603,9135,1014,0.9477317554240631,0.6607495069033531,0.9477317554240631,8.204448,1.5560827255249023
v_apprentices,1->4,SIFT,10023,6598,1235,0.805668016194332,0.454251012145749,0.805668016194332,93.14643,0.7824766635894775
v_apprentices,1->4,ORB,500,500,45,0.7333333333333333,0.3333333333333333,0.7333333333333333,114.0512,0.08944058418273926
v_apprentices,1->4,BRISK,23487,15543,1643,0.8575776019476568,0.34631771150334756,0.8575776019476568,30.545078,1.5706753730773926
v_apprentices,1->4,LATCH,9603,6519,196,0.8469387755102041,0.44387755102040816,0.8469387755102041,43.0046,1.3578565120697021
v_apprentices,1->5,SIFT,10023,6516,694,0.654178674351585,0.35446685878962536,0.654178674351585,157.08295,0.7312376499176025
v_apprentices,1->5,ORB,500,500,19,0.5263157894736842,0.10526315789473684,0.5263157894736842,156.0971,0.07480001449584961
v_apprentices,1->5,BRISK,23487,15440,688,0.7979651162790697,0.35901162790697677,0.7979651162790697,55.568165,1.470186471939087
v_apprentices,1->5,LATCH,9603,6432,113,0.7345132743362832,0.36283185840707965,0.7345132743362832,39.94899,1.4465837478637695
v_apprentices,1->6,SIFT,10023,5502,895,0.7385474860335196,0.41787709497206704,0.7385474860335196,93.2437,0.7450501918792725
v_apprentices,1->6,ORB,500,500,26,0.7692307692307693,0.2692307692307692,0.7692307692307693,112.5256,0.07823514938354492
v_apprentices,1->6,BRISK,23487,14393,891,0.8911335578002245,0.4478114478114478,0.8911335578002245,25.033113,1.5365262031555176
v_apprentices,1->6,LATCH,9603,5365,147,0.8707482993197279,0.4489795918367347,0.8707482993197279,27.146708,1.2314491271972656
v_artisans,1->2,SIFT,17797,5437,2029,0.9630359783144407,0.8171513060620995,0.9630359783144407,11.304288,0.821605920791626
v_artisans,1->2,ORB,500,500,55,0.8727272727272727,0.5454545454545454,0.8727272727272727,36.5376,0.060167789459228516
v_artisans,1->2,BRISK,18555,7874,1368,0.9649122807017544,0.6483918128654971,0.9649122807017544,7.414989,0.8770172595977783
v_artisans,1->2,LATCH,16644,5176,5,0.0,0.0,0.0,374.41614,1.4956538677215576
v_artisans,1->3,SIFT,17797,6045,1867,0.9539367970005356,0.5709694697375469,0.9539367970005356,10.359234,0.8519635200500488
v_artisans,1->3,ORB,500,500,51,0.9215686274509803,0.4117647058823529,0.9215686274509803,14.118396,0.06311941146850586
v_artisans,1->3,BRISK,18555,7720,1165,0.9510729613733906,0.47725321888412015,0.9510729613733906,9.395312,0.883061408996582
v_artisans,1->3,LATCH,16644,5679,393,0.9745547073791349,0.10687022900763359,0.9745547073791349,2.4804623,1.5321099758148193
v_artisans,1->4,SIFT,17797,6776,2964,0.9696356275303644,0.6950067476383266,0.9696356275303644,9.346193,0.8645157814025879
v_artisans,1->4,ORB,500,500,86,0.9302325581395349,0.45348837209302323,0.9302325581395349,11.0124235,0.058212995529174805
v_artisans,1->4,BRISK,18555,7796,2061,0.9650655021834061,0.5846676370693837,0.9650655021834061,6.3008666,0.8454430103302002
v_artisans,1->4,LATCH,16644,6180,1003,0.9810568295114656,0.6450648055832503,0.9810568295114656,2.0466142,1.5636849403381348
v_artisans,1->5,SIFT,17797,4364,450,0.7066666666666667,0.24,0.7066666666666667,335.19833,0.7720046043395996
v_artisans,1->5,ORB,500,500,9,0.5555555555555556,0.2222222222222222,0.5555555555555556,1155.4017,0.05928659439086914
v_artisans,1->5,BRISK,18555,3238,173,0.6416184971098265,0.20809248554913296,0.6416184971098265,449.23975,0.6894016265869141
v_artisans,1->5,LATCH,16644,3979,9,0.3333333333333333,0.1111111111111111,0.3333333333333333,568.46765,3.0456442832946777
v_artisans,1->6,SIFT,17797,5465,2315,0.9688984881209504,0.9460043196544277,0.9688984881209504,9.623193,0.7694048881530762
v_artisans,1->6,ORB,500,500,76,0.9210526315789473,0.5131578947368421,0.9210526315789473,33.040234,0.058973073959350586
v_artisans,1->6,BRISK,18555,8928,1696,0.9752358490566038,0.7523584905660378,0.9752358490566038,6.2128243,0.9006743431091309
v_artisans,1->6,LATCH,16644,5061,10,0.0,0.0,0.0,350.22342,1.4221138954162598
v_astronautis,1->2,SIFT,5634,4690,1688,0.9407582938388626,0.5995260663507109,0.9407582938388626,12.508553,0.7609615325927734
v_astronautis,1->2,ORB,500,500,112,0.8839285714285714,0.375,0.8839285714285714,5.049285,0.058602094650268555
v_astronautis,1->2,BRISK,4349,4699,837,0.8805256869772998,0.42054958183990443,0.8805256869772998,3.907227,0.35838890075683594
v_astronautis,1->2,LATCH,5434,4533,215,0.8744186046511628,0.5488372093023256,0.8744186046511628,9.543236,1.2100794315338135
v_astronautis,1->3,SIFT,5634,2470,290,0.7068965517241379,0.2413793103448276,0.7068965517241379,134.24246,0.755629301071167
v_astronautis,1->3,ORB,500,500,22,0.7727272727272727,0.13636363636363635,0.7727272727272727,68.34274,0.05286884307861328
v_astronautis,1->3,BRISK,4349,2605,141,0.6453900709219859,0.14184397163120568,0.6453900709219859,22.839228,0.30368781089782715
v_astronautis,1->3,LATCH,5434,2336,34,0.4411764705882353,0.23529411764705882,0.4411764705882353,142.2864,1.0374295711517334
v_astronautis,1->4,SIFT,5634,5308,667,0.8905547226386806,0.6341829085457271,0.8905547226386806,50.285683,0.6765856742858887
v_astronautis,1->4,ORB,500,500,44,0.7045454545454546,0.18181818181818182,0.7045454545454546,29.823528,0.057160139083862305
v_astronautis,1->4,BRISK,4349,4696,359,0.8467966573816156,0.4011142061281337,0.8467966573816156,11.717783,0.3422815799713135
v_astronautis,1->4,LATCH,5434,5274,52,0.7307692307692307,0.46153846153846156,0.7307692307692307,4.127766,1.2134554386138916
v_astronautis,1->5,SIFT,5634,4203,169,0.6390532544378699,0.3668639053254438,0.6390532544378699,138.17188,0.7333085536956787
v_astronautis,1->5,ORB,500,500,17,0.35294117647058826,0.11764705882352941,0.35294117647058826,122.08937,0.05590248107910156
v_astronautis,1->5,BRISK,4349,3988,58,0.603448275862069,0.20689655172413793,0.603448275862069,50.748924,0.34841251373291016
v_astronautis,1->5,LATCH,5434,4093,15,0.4,0.2,0.4,164.3225,1.1208574771881104
v_astronautis,1->6,SIFT,5634,962,352,0.6789772727272727,0.2585227272727273,0.6789772727272727,89.55022,0.7119729518890381
v_astronautis,1->6,ORB,500,500,58,0.7586206896551724,0.2413793103448276,0.7586206896551724,15.01281,0.049614906311035156
v_astronautis,1->6,BRISK,4349,777,235,0.6553191489361702,0.12340425531914893,0.6553191489361702,27.171408,0.25126028060913086
v_astronautis,1->6,LATCH,5434,959,118,0.7203389830508474,0.23728813559322035,0.7203389830508474,96.60705,0.9896044731140137
v_azzola,1->2,SIFT,13087,12035,3096,0.7671188630490956,0.30361757105943155,0.7671188630490956,10.769777,0.8893179893493652
v_azzola,1->2,ORB,500,500,95,0.8736842105263158,0.4,0.8736842105263158,8.937841,0.07296490669250488
v_azzola,1->2,BRISK,20780,20863,3197,0.7259931185486393,0.25273694088207693,0.7259931185486393,4.247292,1.6585991382598877
v_azzola,1->2,LATCH,12083,11109,811,0.6707768187422934,0.2762022194821208,0.6707768187422934,4.487745,1.7157313823699951
v_azzola,1->3,SIFT,13087,9887,883,0.4405436013590034,0.04190260475651189,0.4405436013590034,41.1244,0.887664794921875
v_azzola,1->3,ORB,500,500,16,0.375,0.0625,0.375,48.95054,0.07209181785583496
v_azzola,1->3,BRISK,20780,17091,623,0.39807383627608345,0.06420545746388442,0.39807383627608345,17.98849,1.5337133407592773
v_azzola,1->3,LATCH,12083,9288,97,0.29896907216494845,0.041237113402061855,0.29896907216494845,18.173079,1.5337140560150146
v_azzola,1->4,SIFT,13087,12192,5220,0.9193486590038314,0.5210727969348659,0.9193486590038314,6.173416,0.9150433540344238
v_azzola,1->4,ORB,500,500,206,0.9466019417475728,0.5194174757281553,0.9466019417475728,3.1217017,0.07359910011291504
v_azzola,1->4,BRISK,20780,21450,6427,0.9013536642290337,0.4062548622996733,0.9013536642290337,2.0274718,1.7491121292114258
v_azzola,1->4,LATCH,12083,11384,1760,0.8744318181818181,0.40795454545454546,0.8744318181818181,2.1822715,1.7141859531402588
v_azzola,1->5,SIFT,13087,10305,1582,0.5707964601769911,0.11314791403286978,0.5707964601769911,28.29007,0.885329008102417
v_azzola,1->5,ORB,500,500,37,0.5945945945945946,0.13513513513513514,0.5945945945945946,5.334097,0.07384395599365234
v_azzola,1->5,BRISK,20780,14112,1656,0.5803140096618358,0.1068840579710145,0.5803140096618358,7.9667873,1.2740283012390137
v_azzola,1->5,LATCH,12083,9870,554,0.5306859205776173,0.07220216606498195,0.5306859205776173,5.9118204,1.5251283645629883
v_azzola,1->6,SIFT,13087,6675,267,0.32209737827715357,0.07116104868913857,0.32209737827715357,126.6931,0.7215020656585693
v_azzola,1->6,ORB,500,500,7,0.14285714285714285,0.14285714285714285,0.14285714285714285,79.83782,0.06211090087890625
v_azzola,1->6,BRISK,20780,12048,199,0.40703517587939697,0.07035175879396985,0.40703517587939697,61.67595,1.2202117443084717
v_azzola,1->6,LATCH,12083,6341,29,0.5862068965517241,0.034482758620689655,0.5862068965517241,3.6714158,1.4882640838623047
v_bark,1->2,SIFT,3702,3016,589,0.9779286926994907,0.7860780984719864,0.9779286926994907,6.3755803,0.2336113452911377
v_bark,1->2,ORB,500,500,83,0.9397590361445783,0.37349397590361444,0.9397590361445783,6.5225515,0.023473262786865234
v_bark,1->2,BRISK,2223,1483,242,0.9338842975206612,0.44214876033057854,0.9338842975206612,7.217806,0.19002747535705566
v_bark,1->2,LATCH,3209,2691,68,0.9264705882352942,0.6764705882352942,0.9264705882352942,1.0227194,0.4506397247314453
v_bark,1->3,SIFT,3702,4051,514,0.9941634241245136,0.8365758754863813,0.9941634241245136,2.1038985,0.225724458694458
v_bark,1->3,ORB,500,500,44,0.8181818181818182,0.36363636363636365,0.8181818181818182,29.088263,0.02086782455444336
v_bark,1->3,BRISK,2223,2098,197,0.9644670050761421,0.6040609137055838,0.9644670050761421,7.5480275,0.20200657844543457
v_bark,1->3,LATCH,3209,3664,0,0,0,0,0,0.4576561450958252
v_bark,1->4,SIFT,3702,4780,686,0.9795918367346939,0.9766763848396501,0.9795918367346939,5.88386,0.21822261810302734
v_bark,1->4,ORB,500,500,27,0.9629629629629629,0.4444444444444444,0.9629629629629629,14.540794,0.022547006607055664
v_bark,1->4,BRISK,2223,4019,273,0.9853479853479854,0.73992673992674,0.9853479853479854,3.0341234,0.23050594329833984
v_bark,1->4,LATCH,3209,4133,0,0,0,0,0,0.49163818359375
v_bark,1->5,SIFT,3702,4442,444,0.9864864864864865,0.9842342342342343,0.9864864864864865,4.0665665,0.21448731422424316
v_bark,1->5,ORB,500,500,7,0.8571428571428571,0.5714285714285714,0.8571428571428571,23.973906,0.023555517196655273
v_bark,1->5,BRISK,2223,3902,151,0.9735099337748344,0.8079470198675497,0.9735099337748344,10.190096,0.235426664352417
v_bark,1->5,LATCH,3209,3813,0,0,0,0,0,0.48214054107666016
v_bark,1->6,SIFT,3702,4626,259,0.9613899613899614,0.9575289575289575,0.9613899613899614,11.181927,0.21374773979187012
v_bark,1->6,ORB,500,500,5,0.0,0.0,0.0,207.43796,0.02301502227783203
v_bark,1->6,BRISK,2223,5000,100,0.96,0.77,0.96,9.094085,0.2523689270019531
v_bark,1->6,LATCH,3209,4052,0,0,0,0,0,0.49521899223327637
v_bees,1->2,SIFT,4293,4915,2230,0.9618834080717489,0.6923766816143497,0.9618834080717489,6.617903,0.5209226608276367
v_bees,1->2,ORB,500,500,248,0.9596774193548387,0.4838709677419355,0.9596774193548387,1.2734324,0.04273843765258789
v_bees,1->2,BRISK,2754,3235,1192,0.9186241610738255,0.49916107382550334,0.9186241610738255,3.0789256,0.2576572895050049
v_bees,1->2,LATCH,4090,4756,1347,0.96362286562732,0.7297698589458055,0.96362286562732,0.90797096,0.8923792839050293
v_bees,1->3,SIFT,4293,5086,2487,0.9678327301970245,0.6365098512263772,0.9678327301970245,3.695594,0.4848496913909912
v_bees,1->3,ORB,500,500,237,0.9620253164556962,0.46835443037974683,0.9620253164556962,1.1932367,0.04162859916687012
v_bees,1->3,BRISK,2754,3325,1358,0.938880706921944,0.5073637702503682,0.938880706921944,1.4944265,0.2846252918243408
v_bees,1->3,LATCH,4090,4842,2019,0.9727587914809311,0.6810302129767212,0.9727587914809311,1.1646109,0.8494079113006592
v_bees,1->4,SIFT,4293,4867,2079,0.9725829725829725,0.6406926406926406,0.9725829725829725,4.3141947,0.4659287929534912
v_bees,1->4,ORB,500,500,242,0.9834710743801653,0.5247933884297521,0.9834710743801653,1.13485,0.039826393127441406
v_bees,1->4,BRISK,2754,3675,1267,0.9471191791633781,0.5027624309392266,0.9471191791633781,1.9152526,0.25221896171569824
v_bees,1->4,LATCH,4090,4652,1101,0.9500454132606722,0.6067211625794732,0.9500454132606722,1.6161531,0.8197171688079834
v_bees,1->5,SIFT,4293,2319,740,0.8918918918918919,0.45,0.8918918918918919,19.404161,0.4092092514038086
v_bees,1->5,ORB,500,500,106,0.9528301886792453,0.4056603773584906,0.9528301886792453,8.823017,0.034369707107543945
v_bees,1->5,BRISK,2754,1750,483,0.865424430641822,0.36853002070393376,0.865424430641822,5.9785943,0.21285057067871094
v_bees,1->5,LATCH,4090,2249,408,0.9093137254901961,0.5098039215686274,0.9093137254901961,7.8213286,0.7212944030761719
v_bees,1->6,SIFT,4293,6478,1126,0.8454706927175843,0.3259325044404973,0.8454706927175843,8.154411,0.5285847187042236
v_bees,1->6,ORB,500,500,95,0.8842105263157894,0.30526315789473685,0.8842105263157894,15.356805,0.04459547996520996
v_bees,1->6,BRISK,2754,5725,593,0.8482293423271501,0.31197301854974707,0.8482293423271501,2.7055109,0.34274983406066895
v_bees,1->6,LATCH,4090,6204,406,0.9334975369458128,0.21921182266009853,0.9334975369458128,2.7091804,0.9632840156555176
v_beyus,1->2,SIFT,2630,1255,296,0.7027027027027027,0.4189189189189189,0.7027027027027027,80.29896,0.42632079124450684
v_beyus,1->2,ORB,500,500,51,0.6470588235294118,0.35294117647058826,0.6470588235294118,39.491142,0.03453969955444336
v_beyus,1->2,BRISK,3373,1635,237,0.8523206751054853,0.4767932489451477,0.8523206751054853,12.20398,0.2326042652130127
v_beyus,1->2,LATCH,2484,1138,20,0.2,0.2,0.2,218.40141,0.592310905456543
v_beyus,1->3,SIFT,2630,1187,60,0.16666666666666666,0.03333333333333333,0.16666666666666666,346.887,0.364046573638916
v_beyus,1->3,ORB,500,500,13,0.07692307692307693,0.0,0.07692307692307693,108.63289,0.029878854751586914
v_beyus,1->3,BRISK,3373,1130,42,0.23809523809523808,0.07142857142857142,0.23809523809523808,133.65617,0.20268511772155762
v_beyus,1->3,LATCH,2484,1152,27,0.18518518518518517,0.037037037037037035,0.18518518518518517,206.10605,0.5892505645751953
v_beyus,1->4,SIFT,2630,1289,656,0.8689024390243902,0.7560975609756098,0.8689024390243902,25.896198,0.4077327251434326
v_beyus,1->4,ORB,500,500,144,0.8888888888888888,0.5069444444444444,0.8888888888888888,13.134161,0.03137516975402832
v_beyus,1->4,BRISK,3373,1680,550,0.9145454545454546,0.5818181818181818,0.9145454545454546,4.0261126,0.21726465225219727
v_beyus,1->4,LATCH,2484,1265,49,0.4489795918367347,0.2857142857142857,0.4489795918367347,93.1441,0.5567805767059326
v_beyus,1->5,SIFT,2630,1312,96,0.3229166666666667,0.15625,0.3229166666666667,172.67542,0.3745570182800293
v_beyus,1->5,ORB,500,500,19,0.42105263157894735,0.2631578947368421,0.42105263157894735,93.18398,0.03124213218688965
v_beyus,1->5,BRISK,3373,1500,81,0.5185185185185185,0.20987654320987653,0.5185185185185185,90.52961,0.20866990089416504
v_beyus,1->5,LATCH,2484,1168,12,0.08333333333333333,0.0,0.08333333333333333,228.47125,0.5902440547943115
v_beyus,1->6,SIFT,2630,1141,166,0.6024096385542169,0.29518072289156627,0.6024096385542169,67.75619,0.40424513816833496
v_beyus,1->6,ORB,500,500,27,0.18518518518518517,0.07407407407407407,0.18518518518518517,94.79567,0.03306412696838379
v_beyus,1->6,BRISK,3373,1465,133,0.7593984962406015,0.3684210526315789,0.7593984962406015,28.897053,0.23306035995483398
v_beyus,1->6,LATCH,2484,1120,41,0.3170731707317073,0.07317073170731707,0.3170731707317073,113.111855,0.6239767074584961
v_bip,1->2,SIFT,3009,2908,1218,0.9532019704433498,0.9129720853858785,0.9532019704433498,9.266608,0.22634482383728027
v_bip,1->2,ORB,500,500,94,0.9361702127659575,0.5638297872340425,0.9361702127659575,2.7607963,0.024820804595947266
v_bip,1->2,BRISK,2298,2301,642,0.9501557632398754,0.7445482866043613,0.9501557632398754,5.370182,0.22271180152893066
v_bip,1->2,LATCH,2720,2727,18,0.6666666666666666,0.6111111111111112,0.6666666666666666,38.627888,0.4483358860015869
v_bip,1->3,SIFT,3009,2233,829,0.9433051869722557,0.8962605548854041,0.9433051869722557,11.252309,0.1995229721069336
v_bip,1->3,ORB,500,500,57,0.9298245614035088,0.42105263157894735,0.9298245614035088,8.774773,0.021445751190185547
v_bip,1->3,BRISK,2298,1673,390,0.9564102564102565,0.7487179487179487,0.9564102564102565,4.9560256,0.18860745429992676
v_bip,1->3,LATCH,2720,2079,5,0.4,0.4,0.4,103.501526,0.38368916511535645
v_bip,1->4,SIFT,3009,3580,1215,0.9423868312757202,0.9111111111111111,0.9423868312757202,9.387344,0.20647215843200684
v_bip,1->4,ORB,500,500,66,0.8636363636363636,0.4696969696969697,0.8636363636363636,11.003439,0.024898767471313477
v_bip,1->4,BRISK,2298,3254,706,0.9575070821529745,0.7662889518413598,0.9575070821529745,2.5423164,0.2297191619873047
v_bip,1->4,LATCH,2720,3269,5,0.4,0.4,0.4,156.06033,0.427384614944458
v_bip,1->5,SIFT,3009,2199,617,0.8768233387358185,0.8363047001620746,0.8768233387358185,17.626915,0.18549275398254395
v_bip,1->5,ORB,500,500,13,0.6153846153846154,0.15384615384615385,0.6153846153846154,78.61302,0.02354574203491211
v_bip,1->5,BRISK,2298,2216,304,0.9243421052631579,0.7664473684210527,0.9243421052631579,5.6474357,0.2058706283569336
v_bip,1->5,LATCH,2720,2057,2,0.0,0.0,0.0,261.79285,0.3778574466705322
v_bip,1->6,SIFT,3009,2363,477,0.9245283018867925,0.8742138364779874,0.9245283018867925,12.517025,0.18776869773864746
v_bip,1->6,ORB,500,500,11,0.45454545454545453,0.2727272727272727,0.45454545454545453,114.522896,0.023474454879760742
v_bip,1->6,BRISK,2298,2697,240,0.9333333333333333,0.7208333333333333,0.9333333333333333,11.093768,0.21807312965393066
v_bip,1->6,LATCH,2720,2307,7,0.0,0.0,0.0,181.86922,0.38745832443237305
v_bird,1->2,SIFT,3349,3198,1113,0.89937106918239,0.7529200359389039,0.89937106918239,17.112598,0.40975069999694824
v_bird,1->2,ORB,500,500,134,0.9552238805970149,0.582089552238806,0.9552238805970149,5.083234,0.04057455062866211
v_bird,1->2,BRISK,6551,6142,1466,0.9283765347885402,0.5538881309686221,0.9283765347885402,3.8967187,0.4380345344543457
v_bird,1->2,LATCH,3211,2920,1,0.0,0.0,0.0,250.35057,0.6381220817565918
v_bird,1->3,SIFT,3349,2706,702,0.8062678062678063,0.3789173789173789,0.8062678062678063,34.67006,0.3799893856048584
v_bird,1->3,ORB,500,500,69,0.9130434782608695,0.42028985507246375,0.9130434782608695,19.51959,0.04244422912597656
v_bird,1->3,BRISK,6551,4267,704,0.8380681818181818,0.2997159090909091,0.8380681818181818,10.844979,0.44139838218688965
v_bird,1->3,LATCH,3211,2583,22,0.6363636363636364,0.18181818181818182,0.6363636363636364,88.93389,0.6037924289703369
v_bird,1->4,SIFT,3349,3707,618,0.7944983818770227,0.36084142394822005,0.7944983818770227,38.09607,0.30355024337768555
v_bird,1->4,ORB,500,500,70,0.8857142857142857,0.38571428571428573,0.8857142857142857,9.102902,0.035459041595458984
v_bird,1->4,BRISK,6551,6849,678,0.8023598820058997,0.2359882005899705,0.8023598820058997,15.308252,0.36519765853881836
v_bird,1->4,LATCH,3211,3392,94,0.8723404255319149,0.22340425531914893,0.8723404255319149,22.48611,0.518395185470581
v_bird,1->5,SIFT,3349,4279,395,0.48860759493670886,0.12658227848101267,0.48860759493670886,106.38922,0.33853888511657715
v_bird,1->5,ORB,500,500,40,0.7,0.175,0.7,47.165234,0.03600454330444336
v_bird,1->5,BRISK,6551,7114,333,0.5195195195195195,0.15015015015015015,0.5195195195195195,23.917097,0.3745574951171875
v_bird,1->5,LATCH,3211,3974,51,0.5294117647058824,0.09803921568627451,0.5294117647058824,65.4246,0.611339807510376
v_bird,1->6,SIFT,3349,2347,106,0.16981132075471697,0.05660377358490566,0.16981132075471697,207.50032,0.27355098724365234
v_bird,1->6,ORB,500,500,5,0.2,0.0,0.2,88.105995,0.0298614501953125
v_bird,1->6,BRISK,6551,3776,52,0.23076923076923078,0.0,0.23076923076923078,156.54,0.2938106060028076
v_bird,1->6,LATCH,3211,2144,10,0.1,0.1,0.1,358.2796,0.4531681537628174
v_birdwoman,1->2,SIFT,12250,4480,499,0.7474949899799599,0.6953907815631263,0.7474949899799599,67.83782,0.4513075351715088
v_birdwoman,1->2,ORB,500,500,58,0.9310344827586207,0.43103448275862066,0.9310344827586207,8.016799,0.036779165267944336
v_birdwoman,1->2,BRISK,12496,9696,970,0.9711340206185567,0.7381443298969073,0.9711340206185567,6.2484636,0.6239743232727051
v_birdwoman,1->2,LATCH,10914,3967,2,0.0,0.0,0.0,130.9578,0.875685453414917
v_birdwoman,1->3,SIFT,12250,5439,371,0.37735849056603776,0.2398921832884097,0.37735849056603776,138.42577,0.47054171562194824
v_birdwoman,1->3,ORB,500,500,14,0.7857142857142857,0.2857142857142857,0.7857142857142857,34.337124,0.03801441192626953
v_birdwoman,1->3,BRISK,12496,12510,255,0.49019607843137253,0.24705882352941178,0.49019607843137253,91.53245,0.7107625007629395
v_birdwoman,1->3,LATCH,10914,5013,3,0.0,0.0,0.0,420.89453,0.83489990234375
v_birdwoman,1->4,SIFT,12250,6874,1262,0.8589540412044374,0.652931854199683,0.8589540412044374,31.206007,0.4844350814819336
v_birdwoman,1->4,ORB,500,500,60,0.9333333333333333,0.4166666666666667,0.9333333333333333,1.6104101,0.03698372840881348
v_birdwoman,1->4,BRISK,12496,13648,774,0.8023255813953488,0.5038759689922481,0.8023255813953488,34.309902,0.7428500652313232
v_birdwoman,1->4,LATCH,10914,6080,14,0.7857142857142857,0.5714285714285714,0.7857142857142857,32.578796,0.8974347114562988
v_birdwoman,1->5,SIFT,12250,7704,3336,0.9421462829736211,0.8854916067146283,0.9421462829736211,15.038362,0.5325891971588135
v_birdwoman,1->5,ORB,500,500,184,0.9510869565217391,0.5706521739130435,0.9510869565217391,5.3157606,0.04194331169128418
v_birdwoman,1->5,BRISK,12496,12557,2165,0.9048498845265589,0.6152424942263279,0.9048498845265589,15.019796,0.730708122253418
v_birdwoman,1->5,LATCH,10914,6600,503,0.9443339960238568,0.8846918489065606,0.9443339960238568,11.648065,0.9633114337921143
v_birdwoman,1->6,SIFT,12250,5206,1709,0.9338794616734932,0.8110005851375073,0.9338794616734932,19.465464,0.4413032531738281
v_birdwoman,1->6,ORB,500,500,107,0.9719626168224299,0.6355140186915887,0.9719626168224299,5.9663615,0.03611397743225098
v_birdwoman,1->6,BRISK,12496,10731,1596,0.9323308270676691,0.6322055137844611,0.9323308270676691,7.330717,0.6580209732055664
v_birdwoman,1->6,LATCH,10914,4857,2,0.0,0.0,0.0,189.17546,0.8771238327026367
v_blueprint,1->2,SIFT,13974,12245,4523,0.9743533053283219,0.6228167145699757,0.9743533053283219,4.454535,0.8320238590240479
v_blueprint,1->2,ORB,500,500,185,0.9135135135135135,0.25405405405405407,0.9135135135135135,1.6372125,0.05005073547363281
v_blueprint,1->2,BRISK,27221,16357,4761,0.9609325771896661,0.47763074984247006,0.9609325771896661,2.3530803,1.4423151016235352
v_blueprint,1->2,LATCH,12725,11739,1482,0.9487179487179487,0.4224021592442645,0.9487179487179487,2.5176957,1.2979001998901367
v_blueprint,1->3,SIFT,13974,8980,1916,0.7635699373695198,0.25260960334029225,0.7635699373695198,11.23624,0.7849957942962646
v_blueprint,1->3,ORB,500,500,115,0.5304347826086957,0.10434782608695652,0.5304347826086957,3.518,0.05039834976196289
v_blueprint,1->3,BRISK,27221,9603,1774,0.7215332581736189,0.19052987598647125,0.7215332581736189,11.948401,1.0936260223388672
v_blueprint,1->3,LATCH,12725,8553,500,0.674,0.132,0.674,8.903243,2.7184500694274902
v_blueprint,1->4,SIFT,13974,11216,3924,0.9803771661569827,0.6901121304791029,0.9803771661569827,4.1442957,0.798271656036377
v_blueprint,1->4,ORB,500,500,102,0.9901960784313726,0.46078431372549017,0.9901960784313726,1.1998454,0.04944777488708496
v_blueprint,1->4,BRISK,27221,14761,3753,0.9693578470556888,0.6053823607780442,0.9693578470556888,3.918123,1.296764850616455
v_blueprint,1->4,LATCH,12725,10752,981,0.9551478083588175,0.672782874617737,0.9551478083588175,1.1065744,1.216905117034912
v_blueprint,1->5,SIFT,13974,7959,1201,0.9308909242298085,0.492089925062448,0.9308909242298085,15.246536,0.6715874671936035
v_blueprint,1->5,ORB,500,500,15,0.5333333333333333,0.26666666666666666,0.5333333333333333,205.733,0.04462003707885742
v_blueprint,1->5,BRISK,27221,8520,1044,0.9137931034482759,0.38601532567049807,0.9137931034482759,12.144725,1.0410165786743164
v_blueprint,1->5,LATCH,12725,7639,290,0.8862068965517241,0.3275862068965517,0.8862068965517241,7.5004277,1.179128646850586
v_blueprint,1->6,SIFT,13974,5427,283,0.7314487632508834,0.2226148409893993,0.7314487632508834,70.8148,0.5688474178314209
v_blueprint,1->6,ORB,500,500,6,0.0,0.0,0.0,361.12122,0.044863224029541016
v_blueprint,1->6,BRISK,27221,4315,195,0.6256410256410256,0.20512820512820512,0.6256410256410256,81.66775,0.7777833938598633
v_blueprint,1->6,LATCH,12725,5220,27,0.7407407407407407,0.14814814814814814,0.7407407407407407,22.644728,0.9707622528076172
v_boat,1->2,SIFT,8849,8545,2341,0.9700982486117044,0.8287056813327638,0.9700982486117044,5.475149,0.3979055881500244
v_boat,1->2,ORB,500,500,202,0.9702970297029703,0.5297029702970297,0.9702970297029703,1.1281525,0.032668352127075195
v_boat,1->2,BRISK,13777,15054,3566,0.9559730790802019,0.6517106001121705,0.9559730790802019,2.1888707,0.7537379264831543
v_boat,1->2,LATCH,8054,7799,1196,0.9439799331103679,0.7424749163879598,0.9439799331103679,1.1786176,0.7245659828186035
v_boat,1->3,SIFT,8849,6558,1752,0.9657534246575342,0.8886986301369864,0.9657534246575342,8.131258,0.3439807891845703
v_boat,1->3,ORB,500,500,193,0.9637305699481865,0.6062176165803109,0.9637305699481865,1.0590082,0.03345894813537598
v_boat,1->3,BRISK,13777,12276,2141,0.9490892106492294,0.5646893974778141,0.9490892106492294,3.9023452,0.7193326950073242
v_boat,1->3,LATCH,8054,6079,26,0.7692307692307693,0.5384615384615384,0.7692307692307693,13.416639,0.7170095443725586
v_boat,1->4,SIFT,8849,6888,1062,0.9274952919020716,0.6958568738229756,0.9274952919020716,12.690068,0.3781557083129883
v_boat,1->4,ORB,500,500,119,0.9831932773109243,0.453781512605042,0.9831932773109243,1.141639,0.03170275688171387
v_boat,1->4,BRISK,13777,9092,1306,0.9372128637059725,0.5038284839203675,0.9372128637059725,4.9726562,0.5943920612335205
v_boat,1->4,LATCH,8054,6349,3,0.6666666666666666,0.0,0.6666666666666666,29.451454,0.7405662536621094
v_boat,1->5,SIFT,8849,5269,704,0.8622159090909091,0.5809659090909091,0.8622159090909091,27.07041,0.3300354480743408
v_boat,1->5,ORB,500,500,109,0.944954128440367,0.47706422018348627,0.944954128440367,6.566731,0.028493404388427734
v_boat,1->5,BRISK,13777,7853,955,0.912041884816754,0.49109947643979057,0.912041884816754,9.903413,0.5321645736694336
v_boat,1->5,LATCH,8054,4705,2,0.0,0.0,0.0,221.30913,0.611659049987793
v_boat,1->6,SIFT,8849,4932,499,0.8416833667334669,0.56312625250501,0.8416833667334669,26.634731,0.31551146507263184
v_boat,1->6,ORB,500,500,61,0.9508196721311475,0.4918032786885246,0.9508196721311475,2.6232693,0.02680182456970215
v_boat,1->6,BRISK,13777,5965,558,0.910394265232975,0.44265232974910396,0.910394265232975,12.506045,0.4735443592071533
v_boat,1->6,LATCH,8054,4558,3,0.0,0.0,0.0,305.20297,0.6215307712554932
v_bricks,1->2,SIFT,10357,11128,5281,0.9986744934671464,0.9814429085400492,0.9986744934671464,0.74363345,0.5789496898651123
v_bricks,1->2,ORB,500,500,163,0.950920245398773,0.5521472392638037,0.950920245398773,5.8563156,0.038114309310913086
v_bricks,1->2,BRISK,21928,16340,6098,0.992948507707445,0.8496228271564448,0.992948507707445,1.3647453,1.1832959651947021
v_bricks,1->2,LATCH,9302,10159,3012,0.9890438247011952,0.9485391766268261,0.9890438247011952,0.4130393,0.9903254508972168
v_bricks,1->3,SIFT,10357,11083,3956,0.9886248736097067,0.9332659251769464,0.9886248736097067,1.5006268,0.6175787448883057
v_bricks,1->3,ORB,500,500,117,0.9743589743589743,0.5384615384615384,0.9743589743589743,1.993037,0.042427778244018555
v_bricks,1->3,BRISK,21928,15253,4087,0.9907022265720578,0.8037680450207977,0.9907022265720578,2.3139863,1.2111215591430664
v_bricks,1->3,LATCH,9302,9880,1555,0.9832797427652733,0.9035369774919614,0.9832797427652733,0.5698322,0.9609942436218262
v_bricks,1->4,SIFT,10357,10635,1924,0.9786902286902287,0.8414760914760915,0.9786902286902287,4.876262,0.5720586776733398
v_bricks,1->4,ORB,500,500,39,0.9487179487179487,0.48717948717948717,0.9487179487179487,22.531528,0.041628122329711914
v_bricks,1->4,BRISK,21928,15971,1814,0.9829106945975744,0.7640573318632855,0.9829106945975744,4.579513,1.2429676055908203
v_bricks,1->4,LATCH,9302,9481,449,0.9799554565701559,0.7750556792873051,0.9799554565701559,0.77038556,1.2188122272491455
v_bricks,1->5,SIFT,10357,11049,370,0.9486486486486486,0.6594594594594595,0.9486486486486486,18.87889,0.6592533588409424
v_bricks,1->5,ORB,500,500,5,0.8,0.4,0.8,93.37704,0.05922889709472656
v_bricks,1->5,BRISK,21928,15662,342,0.9649122807017544,0.6081871345029239,0.9649122807017544,12.619673,1.4853062629699707
v_bricks,1->5,LATCH,9302,9803,31,0.8387096774193549,0.5806451612903226,0.8387096774193549,29.929754,2.704835891723633
v_bricks,1->6,SIFT,10357,10834,28,0.39285714285714285,0.17857142857142858,0.39285714285714285,221.11821,0.5266010761260986
v_bricks,1->6,ORB,500,500,3,0.0,0.0,0.0,517.48413,0.04202985763549805
v_bricks,1->6,BRISK,21928,15687,23,0.6521739130434783,0.391304347826087,0.6521739130434783,103.703224,1.1290466785430908
v_bricks,1->6,LATCH,9302,9604,1,0.0,0.0,0.0,7.7424884,1.2161831855773926
v_busstop,1->2,SIFT,17690,17777,5859,0.9580133128520225,0.45212493599590375,0.9580133128520225,3.9568284,1.493262767791748
v_busstop,1->2,ORB,500,500,177,0.9096045197740112,0.3559322033898305,0.9096045197740112,8.359399,0.1081840991973877
v_busstop,1->2,BRISK,35110,36538,8430,0.9504151838671412,0.37520759193357056,0.9504151838671412,2.6399524,3.591287136077881
v_busstop,1->2,LATCH,16504,16770,2817,0.9613063542776003,0.460773872914448,0.9613063542776003,1.2367214,2.350174903869629
v_busstop,1->3,SIFT,17690,18821,2605,0.8955854126679462,0.33896353166986565,0.8955854126679462,9.423759,1.7490673065185547
v_busstop,1->3,ORB,500,500,66,0.8484848484848485,0.30303030303030304,0.8484848484848485,1.7259102,0.11427807807922363
v_busstop,1->3,BRISK,35110,37973,2942,0.8650577838205302,0.2528891910265126,0.8650577838205302,8.450816,3.7438879013061523
v_busstop,1->3,LATCH,16504,17515,277,0.9169675090252708,0.2888086642599278,0.9169675090252708,5.4717646,2.4019813537597656
v_busstop,1->4,SIFT,17690,17735,3579,0.872310701313216,0.290304554344789,0.872310701313216,5.883848,1.6087841987609863
v_busstop,1->4,ORB,500,500,83,0.9397590361445783,0.30120481927710846,0.9397590361445783,9.811179,0.11487865447998047
v_busstop,1->4,BRISK,35110,35381,4352,0.8733915441176471,0.2679227941176471,0.8733915441176471,5.1844587,4.391158580780029
v_busstop,1->4,LATCH,16504,16964,1168,0.886986301369863,0.3030821917808219,0.886986301369863,2.5298314,2.4261295795440674
v_busstop,1->5,SIFT,17690,16077,4796,0.9735195996663887,0.5298165137614679,0.9735195996663887,4.508152,1.581688642501831
v_busstop,1->5,ORB,500,500,128,0.9375,0.3203125,0.9375,9.18066,0.0966646671295166
v_busstop,1->5,BRISK,35110,30728,4916,0.9552481692432873,0.4092758340113914,0.9552481692432873,3.5613248,5.616014003753662
v_busstop,1->5,LATCH,16504,15490,693,0.9307359307359307,0.3333333333333333,0.9307359307359307,2.3901956,2.3195834159851074
v_busstop,1->6,SIFT,17690,17502,6789,0.9860067756665194,0.641920754161143,0.9860067756665194,3.089892,1.6533374786376953
v_busstop,1->6,ORB,500,500,209,0.9569377990430622,0.49282296650717705,0.9569377990430622,4.5358543,0.132521390914917
v_busstop,1->6,BRISK,35110,32755,8706,0.9773719274063865,0.5083850218240294,0.9773719274063865,2.408868,4.224027156829834
v_busstop,1->6,LATCH,16504,16597,2737,0.9733284618195104,0.5180854950675923,0.9733284618195104,1.1560904,2.695302724838257
v_calder,1->2,SIFT,4482,3731,1091,0.9202566452795601,0.7946837763519706,0.9202566452795601,16.934103,0.39220380783081055
v_calder,1->2,ORB,500,500,77,0.922077922077922,0.5584415584415584,0.922077922077922,4.8262315,0.037416696548461914
v_calder,1->2,BRISK,3344,3396,579,0.9084628670120898,0.5941278065630398,0.9084628670120898,8.183488,0.2699141502380371
v_calder,1->2,LATCH,4196,3546,154,0.8571428571428571,0.7467532467532467,0.8571428571428571,15.500718,0.5660374164581299
v_calder,1->3,SIFT,4482,4789,2092,0.9751434034416826,0.738527724665392,0.9751434034416826,4.72024,0.3345491886138916
v_calder,1->3,ORB,500,500,241,0.941908713692946,0.45643153526970953,0.941908713692946,2.8768625,0.0301663875579834
v_calder,1->3,BRISK,3344,3914,1230,0.9349593495934959,0.5487804878048781,0.9349593495934959,3.3772795,0.21256375312805176
v_calder,1->3,LATCH,4196,4477,1389,0.9424046076313894,0.7249820014398848,0.9424046076313894,2.76623,0.5903398990631104
v_calder,1->4,SIFT,4482,2739,226,0.5929203539823009,0.4336283185840708,0.5929203539823009,96.75914,0.28695201873779297
v_calder,1->4,ORB,500,500,12,0.6666666666666666,0.4166666666666667,0.6666666666666666,42.753033,0.02461862564086914
v_calder,1->4,BRISK,3344,2747,96,0.78125,0.4583333333333333,0.78125,30.94786,0.1885828971862793
v_calder,1->4,LATCH,4196,2676,26,0.2692307692307692,0.15384615384615385,0.2692307692307692,103.61857,0.5107035636901855
v_calder,1->5,SIFT,4482,3823,328,0.7225609756097561,0.4817073170731707,0.7225609756097561,67.110115,0.29372215270996094
v_calder,1->5,ORB,500,500,25,0.76,0.48,0.76,22.844482,0.026070833206176758
v_calder,1->5,BRISK,3344,3812,175,0.8285714285714286,0.48,0.8285714285714286,25.087006,0.21424055099487305
v_calder,1->5,LATCH,4196,3744,11,0.2727272727272727,0.18181818181818182,0.2727272727272727,173.03493,0.6993453502655029
v_calder,1->6,SIFT,4482,2476,98,0.21428571428571427,0.061224489795918366,0.21428571428571427,205.50098,0.38454484939575195
v_calder,1->6,ORB,500,500,9,0.1111111111111111,0.0,0.1111111111111111,240.28386,0.0363917350769043
v_calder,1->6,BRISK,3344,2934,24,0.25,0.16666666666666666,0.25,236.73042,0.26628971099853516
v_calder,1->6,LATCH,4196,2410,3,0.0,0.0,0.0,302.57944,0.6636672019958496
v_cartooncity,1->2,SIFT,11196,7249,4294,0.9578481602235678,0.9261760596180717,0.9578481602235678,11.3106575,0.7380170822143555
v_cartooncity,1->2,ORB,500,500,166,0.9819277108433735,0.6204819277108434,0.9819277108433735,6.323359,0.07461285591125488
v_cartooncity,1->2,BRISK,27371,18635,4781,0.9604685212298683,0.5783308931185944,0.9604685212298683,4.5185556,1.9293441772460938
v_cartooncity,1->2,LATCH,10164,6834,21,0.5238095238095238,0.47619047619047616,0.5238095238095238,117.06528,1.1950125694274902
v_cartooncity,1->3,SIFT,11196,6304,1082,0.7818853974121996,0.43807763401109057,0.7818853974121996,69.07543,0.5905935764312744
v_cartooncity,1->3,ORB,500,500,18,0.6666666666666666,0.3888888888888889,0.6666666666666666,146.26729,0.06528234481811523
v_cartooncity,1->3,BRISK,27371,15261,861,0.8501742160278746,0.47038327526132406,0.8501742160278746,26.390469,1.738199234008789
v_cartooncity,1->3,LATCH,10164,5831,110,0.9454545454545454,0.7090909090909091,0.9454545454545454,3.5288432,1.1530311107635498
v_cartooncity,1->4,SIFT,11196,6476,3633,0.931736856592348,0.8491604734379301,0.931736856592348,19.377731,0.5026795864105225
v_cartooncity,1->4,ORB,500,500,149,0.9194630872483222,0.5503355704697986,0.9194630872483222,9.25412,0.05205130577087402
v_cartooncity,1->4,BRISK,27371,17492,4460,0.9502242152466368,0.6524663677130045,0.9502242152466368,5.561254,3.389251708984375
v_cartooncity,1->4,LATCH,10164,5882,1273,0.9780047132757266,0.8813825608798115,0.9780047132757266,2.6256378,1.1099257469177246
v_cartooncity,1->5,SIFT,11196,5614,626,0.5223642172523961,0.12939297124600638,0.5223642172523961,96.72196,0.5456006526947021
v_cartooncity,1->5,ORB,500,500,10,0.5,0.1,0.5,132.30783,0.06241321563720703
v_cartooncity,1->5,BRISK,27371,15585,448,0.71875,0.203125,0.71875,40.599644,1.7054243087768555
v_cartooncity,1->5,LATCH,10164,5227,67,0.746268656716418,0.1791044776119403,0.746268656716418,24.359911,1.0436956882476807
v_cartooncity,1->6,SIFT,11196,6071,921,0.7133550488599348,0.3572204125950054,0.7133550488599348,77.90749,0.5431604385375977
v_cartooncity,1->6,ORB,500,500,15,0.6666666666666666,0.06666666666666667,0.6666666666666666,109.96664,0.06275177001953125
v_cartooncity,1->6,BRISK,27371,14922,675,0.8296296296296296,0.3748148148148148,0.8296296296296296,21.683804,1.8310155868530273
v_cartooncity,1->6,LATCH,10164,5642,72,0.9166666666666666,0.6527777777777778,0.9166666666666666,16.78917,1.1570641994476318
v_charing,1->2,SIFT,3184,4521,530,0.4962264150943396,0.3339622641509434,0.4962264150943396,194.52237,0.6040604114532471
v_charing,1->2,ORB,500,500,35,0.2571428571428571,0.11428571428571428,0.2571428571428571,245.7436,0.046323537826538086
v_charing,1->2,BRISK,5790,7085,350,0.5142857142857142,0.2542857142857143,0.5142857142857142,118.69644,0.45070362091064453
v_charing,1->2,LATCH,2981,4414,19,0.3157894736842105,0.15789473684210525,0.3157894736842105,19.344416,0.9147686958312988
v_charing,1->3,SIFT,3184,4133,225,0.18666666666666668,0.07555555555555556,0.18666666666666668,594.9079,0.5419931411743164
v_charing,1->3,ORB,500,500,2,0.0,0.0,0.0,599.9152,0.04965376853942871
v_charing,1->3,BRISK,5790,5213,89,0.34831460674157305,0.0898876404494382,0.34831460674157305,273.4608,0.42087769508361816
v_charing,1->3,LATCH,2981,3953,10,0.1,0.1,0.1,261.6294,0.8931362628936768
v_charing,1->4,SIFT,3184,3384,871,0.634902411021814,0.41102181400688864,0.634902411021814,186.38272,0.6078457832336426
v_charing,1->4,ORB,500,500,26,0.038461538461538464,0.0,0.038461538461538464,473.97137,0.04760265350341797
v_charing,1->4,BRISK,5790,4277,539,0.6419294990723562,0.23747680890538034,0.6419294990723562,113.22058,0.3849935531616211
v_charing,1->4,LATCH,2981,3235,30,0.7,0.4666666666666667,0.7,18.655352,0.8849310874938965
v_charing,1->5,SIFT,3184,2859,250,0.724,0.324,0.724,30.440786,0.5594377517700195
v_charing,1->5,ORB,500,500,6,0.0,0.0,0.0,892.4328,0.04349517822265625
v_charing,1->5,BRISK,5790,2987,184,0.6195652173913043,0.21195652173913043,0.6195652173913043,95.327,0.32376790046691895
v_charing,1->5,LATCH,2981,2775,19,0.5263157894736842,0.42105263157894735,0.5263157894736842,150.35521,0.8162462711334229
v_charing,1->6,SIFT,3184,2697,141,0.7304964539007093,0.19858156028368795,0.7304964539007093,71.86999,0.5554032325744629
v_charing,1->6,ORB,500,500,3,0.0,0.0,0.0,1040.9406,0.04187345504760742
v_charing,1->6,BRISK,5790,3794,105,0.5904761904761905,0.19047619047619047,0.5904761904761905,194.84616,0.3599662780761719
v_charing,1->6,LATCH,2981,2694,8,0.375,0.25,0.375,162.05334,0.8667511940002441
v_churchill,1->2,SIFT,3452,2999,1098,0.9508196721311475,0.6948998178506375,0.9508196721311475,5.1540313,0.3098177909851074
v_churchill,1->2,ORB,500,500,141,0.851063829787234,0.3404255319148936,0.851063829787234,2.6176343,0.028292179107666016
v_churchill,1->2,BRISK,2703,2347,634,0.8596214511041009,0.4479495268138801,0.8596214511041009,3.664346,0.22609734535217285
v_churchill,1->2,LATCH,3215,2858,179,0.8603351955307262,0.5642458100558659,0.8603351955307262,4.9373965,0.6530964374542236
v_churchill,1->3,SIFT,3452,2816,553,0.8517179023508138,0.5171790235081374,0.8517179023508138,23.091492,0.36815714836120605
v_churchill,1->3,ORB,500,500,61,0.8032786885245902,0.3114754098360656,0.8032786885245902,4.820914,0.03275132179260254
v_churchill,1->3,BRISK,2703,2258,343,0.7959183673469388,0.30612244897959184,0.7959183673469388,12.578354,0.2433028221130371
v_churchill,1->3,LATCH,3215,2736,40,0.575,0.325,0.575,60.393776,0.6446611881256104
v_churchill,1->4,SIFT,3452,2596,390,0.8025641025641026,0.4,0.8025641025641026,18.748348,0.3808128833770752
v_churchill,1->4,ORB,500,500,15,0.8666666666666667,0.26666666666666666,0.8666666666666667,2.482966,0.03178524971008301
v_churchill,1->4,BRISK,2703,2426,172,0.7906976744186046,0.3023255813953488,0.7906976744186046,10.784421,0.24240493774414062
v_churchill,1->4,LATCH,3215,2528,41,0.5609756097560976,0.3170731707317073,0.5609756097560976,26.498667,0.6385502815246582
v_churchill,1->5,SIFT,3452,3159,1934,0.9777662874870734,0.8950361944157187,0.9777662874870734,2.5811672,0.3854374885559082
v_churchill,1->5,ORB,500,500,312,0.967948717948718,0.5897435897435898,0.967948717948718,1.5954981,0.0324251651763916
v_churchill,1->5,BRISK,2703,2811,1332,0.9279279279279279,0.6944444444444444,0.9279279279279279,1.3629,0.24578523635864258
v_churchill,1->5,LATCH,3215,3057,1136,0.9471830985915493,0.8512323943661971,0.9471830985915493,1.0960476,0.6759979724884033
v_churchill,1->6,SIFT,3452,2110,127,0.5118110236220472,0.16535433070866143,0.5118110236220472,91.613434,0.3678567409515381
v_churchill,1->6,ORB,500,500,9,0.4444444444444444,0.0,0.4444444444444444,31.827366,0.03152918815612793
v_churchill,1->6,BRISK,2703,2194,43,0.4883720930232558,0.18604651162790697,0.4883720930232558,51.185047,0.22356271743774414
v_churchill,1->6,LATCH,3215,2074,12,0.4166666666666667,0.08333333333333333,0.4166666666666667,72.44673,0.5933177471160889
v_circus,1->2,SIFT,4504,3674,1853,0.9320021586616298,0.8564490016189962,0.9320021586616298,25.496572,0.6554074287414551
v_circus,1->2,ORB,500,500,134,0.8805970149253731,0.5373134328358209,0.8805970149253731,43.782024,0.06604695320129395
v_circus,1->2,BRISK,12201,11455,2844,0.929324894514768,0.5270745428973277,0.929324894514768,16.452257,2.4049627780914307
v_circus,1->2,LATCH,4340,3668,123,0.5691056910569106,0.5040650406504065,0.5691056910569106,218.89311,0.9805529117584229
v_circus,1->3,SIFT,4504,3615,793,0.6897856242118537,0.21941992433795712,0.6897856242118537,107.82765,0.5711462497711182
v_circus,1->3,ORB,500,500,60,0.6333333333333333,0.15,0.6333333333333333,147.30695,0.056615591049194336
v_circus,1->3,BRISK,12201,9894,964,0.779045643153527,0.22821576763485477,0.779045643153527,57.885014,0.7666950225830078
v_circus,1->3,LATCH,4340,3467,240,0.5958333333333333,0.21666666666666667,0.5958333333333333,151.76408,0.9123713970184326
v_circus,1->4,SIFT,4504,3281,358,0.4776536312849162,0.09776536312849161,0.4776536312849162,249.20393,0.5796687602996826
v_circus,1->4,ORB,500,500,28,0.39285714285714285,0.03571428571428571,0.39285714285714285,197.99158,0.05470991134643555
v_circus,1->4,BRISK,12201,6986,333,0.4774774774774775,0.1111111111111111,0.4774774774774775,159.77655,0.7094554901123047
v_circus,1->4,LATCH,4340,3166,71,0.3380281690140845,0.04225352112676056,0.3380281690140845,311.42978,0.9807894229888916
v_circus,1->5,SIFT,4504,3892,1379,0.817258883248731,0.3147208121827411,0.817258883248731,70.55405,0.6054434776306152
v_circus,1->5,ORB,500,500,84,0.6904761904761905,0.14285714285714285,0.6904761904761905,92.80961,0.06301259994506836
v_circus,1->5,BRISK,12201,11078,2081,0.865449303219606,0.2988947621335896,0.865449303219606,22.03833,0.878934383392334
v_circus,1->5,LATCH,4340,3725,457,0.7921225382932167,0.38074398249452956,0.7921225382932167,79.89786,0.89762282371521
v_circus,1->6,SIFT,4504,3270,634,0.637223974763407,0.24921135646687698,0.637223974763407,152.63715,0.5609862804412842
v_circus,1->6,ORB,500,500,34,0.4411764705882353,0.14705882352941177,0.4411764705882353,258.11108,0.06294989585876465
v_circus,1->6,BRISK,12201,9854,664,0.7484939759036144,0.26957831325301207,0.7484939759036144,65.74806,0.8093373775482178
v_circus,1->6,LATCH,4340,3164,131,0.3969465648854962,0.16793893129770993,0.3969465648854962,260.89508,0.9051544666290283
v_coffeehouse,1->2,SIFT,2935,6301,1096,0.8841240875912408,0.4397810218978102,0.8841240875912408,26.522186,0.5476484298706055
v_coffeehouse,1->2,ORB,500,500,69,0.9130434782608695,0.391304347826087,0.9130434782608695,9.515941,0.050299882888793945
v_coffeehouse,1->2,BRISK,3404,7529,692,0.8684971098265896,0.342485549132948,0.8684971098265896,10.170672,0.3488771915435791
v_coffeehouse,1->2,LATCH,2654,5540,299,0.842809364548495,0.36454849498327757,0.842809364548495,24.889528,0.8016932010650635
v_coffeehouse,1->3,SIFT,2935,6284,1343,0.9158600148920327,0.43633655994043186,0.9158600148920327,14.754845,0.5258455276489258
v_coffeehouse,1->3,ORB,500,500,117,0.8888888888888888,0.2564102564102564,0.8888888888888888,3.8756,0.046007633209228516
v_coffeehouse,1->3,BRISK,3404,6941,937,0.8922091782283885,0.3052294557097118,0.8922091782283885,6.096207,0.3326592445373535
v_coffeehouse,1->3,LATCH,2654,5153,600,0.8983333333333333,0.3466666666666667,0.8983333333333333,11.9926815,0.7867143154144287
v_coffeehouse,1->4,SIFT,2935,3619,1015,0.6679802955665025,0.18423645320197043,0.6679802955665025,22.517841,0.45090794563293457
v_coffeehouse,1->4,ORB,500,500,76,0.5526315789473685,0.039473684210526314,0.5526315789473685,26.71758,0.04026603698730469
v_coffeehouse,1->4,BRISK,3404,4838,633,0.6445497630331753,0.1769352290679305,0.6445497630331753,11.772724,0.2719242572784424
v_coffeehouse,1->4,LATCH,2654,3226,372,0.6612903225806451,0.17473118279569894,0.6612903225806451,21.246202,0.7505383491516113
v_coffeehouse,1->5,SIFT,2935,7113,1081,0.9185938945420906,0.4976873265494912,0.9185938945420906,15.941358,0.6087219715118408
v_coffeehouse,1->5,ORB,500,500,72,0.9444444444444444,0.2916666666666667,0.9444444444444444,12.989339,0.060788631439208984
v_coffeehouse,1->5,BRISK,3404,9781,757,0.8877146631439894,0.36988110964332893,0.8877146631439894,9.379336,0.45157289505004883
v_coffeehouse,1->5,LATCH,2654,6359,107,0.7476635514018691,0.27102803738317754,0.7476635514018691,55.524643,1.0277490615844727
v_coffeehouse,1->6,SIFT,2935,5114,566,0.7031802120141343,0.19081272084805653,0.7031802120141343,24.485306,0.6219322681427002
v_coffeehouse,1->6,ORB,500,500,31,0.5161290322580645,0.06451612903225806,0.5161290322580645,75.241615,0.059882164001464844
v_coffeehouse,1->6,BRISK,3404,7856,299,0.6588628762541806,0.16722408026755853,0.6588628762541806,9.424445,0.4408109188079834
v_coffeehouse,1->6,LATCH,2654,4740,112,0.8928571428571429,0.33035714285714285,0.8928571428571429,45.641216,0.9832119941711426
v_colors,1->2,SIFT,393,439,118,0.4406779661016949,0.288135593220339,0.4406779661016949,212.71379,0.6888198852539062
v_colors,1->2,ORB,500,500,107,0.822429906542056,0.4205607476635514,0.822429906542056,41.392063,0.031751394271850586
v_colors,1->2,BRISK,573,714,166,0.7891566265060241,0.5060240963855421,0.7891566265060241,46.6079,0.08411264419555664
v_colors,1->2,LATCH,330,422,68,0.6911764705882353,0.5441176470588235,0.6911764705882353,179.2517,0.6604475975036621
v_colors,1->3,SIFT,393,399,102,0.30392156862745096,0.17647058823529413,0.30392156862745096,262.54874,0.6870017051696777
v_colors,1->3,ORB,500,500,46,0.6086956521739131,0.3695652173913043,0.6086956521739131,127.07965,0.030043363571166992
v_colors,1->3,BRISK,573,1037,101,0.6831683168316832,0.4158415841584158,0.6831683168316832,85.025764,0.08987092971801758
v_colors,1->3,LATCH,330,390,53,0.6037735849056604,0.3584905660377358,0.6037735849056604,156.27939,0.6423053741455078
v_colors,1->4,SIFT,393,636,65,0.015384615384615385,0.0,0.015384615384615385,627.2865,0.6855258941650391
v_colors,1->4,ORB,500,500,22,0.5454545454545454,0.09090909090909091,0.5454545454545454,211.49799,0.033097267150878906
v_colors,1->4,BRISK,573,2654,34,0.17647058823529413,0.058823529411764705,0.17647058823529413,391.17072,0.13021612167358398
v_colors,1->4,LATCH,330,482,22,0.045454545454545456,0.045454545454545456,0.045454545454545456,622.12787,0.690075159072876
v_colors,1->5,SIFT,393,558,47,0.0425531914893617,0.0,0.0425531914893617,589.11334,0.7118875980377197
v_colors,1->5,ORB,500,500,17,0.058823529411764705,0.0,0.058823529411764705,415.14392,0.03479647636413574
v_colors,1->5,BRISK,573,3144,43,0.11627906976744186,0.023255813953488372,0.11627906976744186,368.98282,0.138108491897583
v_colors,1->5,LATCH,330,438,23,0.0,0.0,0.0,620.18005,0.690805196762085
v_colors,1->6,SIFT,393,1437,44,0.045454545454545456,0.045454545454545456,0.045454545454545456,626.01086,0.695380449295044
v_colors,1->6,ORB,500,500,13,0.23076923076923078,0.0,0.23076923076923078,448.53513,0.03216433525085449
v_colors,1->6,BRISK,573,3684,40,0.225,0.025,0.225,322.2684,0.1383819580078125
v_colors,1->6,LATCH,330,1380,7,0.0,0.0,0.0,336.15158,0.6939113140106201
v_courses,1->2,SIFT,3643,3572,2034,0.9036381514257621,0.5457227138643068,0.9036381514257621,34.272778,0.5183179378509521
v_courses,1->2,ORB,500,500,262,0.9236641221374046,0.4312977099236641,0.9236641221374046,7.1785836,0.046921491622924805
v_courses,1->2,BRISK,6415,6318,2600,0.8969230769230769,0.4430769230769231,0.8969230769230769,12.536874,0.40293312072753906
v_courses,1->2,LATCH,3563,3493,1390,0.9316546762589928,0.5151079136690647,0.9316546762589928,8.247354,0.6444573402404785
v_courses,1->3,SIFT,3643,3243,1239,0.711864406779661,0.23648103309120258,0.711864406779661,65.67814,0.3873775005340576
v_courses,1->3,ORB,500,500,85,0.8,0.23529411764705882,0.8,38.888763,0.0343012809753418
v_courses,1->3,BRISK,6415,5581,1145,0.7441048034934498,0.2,0.7441048034934498,27.532665,0.31845951080322266
v_courses,1->3,LATCH,3563,3180,311,0.7427652733118971,0.20257234726688103,0.7427652733118971,21.041162,0.7983188629150391
v_courses,1->4,SIFT,3643,3475,1284,0.7694704049844237,0.2219626168224299,0.7694704049844237,55.56384,0.5128946304321289
v_courses,1->4,ORB,500,500,201,0.8606965174129353,0.23383084577114427,0.8606965174129353,13.325302,0.04835772514343262
v_courses,1->4,BRISK,6415,6530,1486,0.806864064602961,0.25235531628532976,0.806864064602961,21.0806,0.48360586166381836
v_courses,1->4,LATCH,3563,3400,511,0.7710371819960861,0.1780821917808219,0.7710371819960861,12.832644,0.8399860858917236
v_courses,1->5,SIFT,3643,3495,615,0.3902439024390244,0.04715447154471545,0.3902439024390244,124.03127,0.4725058078765869
v_courses,1->5,ORB,500,500,98,0.6428571428571429,0.1326530612244898,0.6428571428571429,20.446302,0.04843020439147949
v_courses,1->5,BRISK,6415,6275,644,0.5248447204968945,0.10403726708074534,0.5248447204968945,47.910442,0.42542004585266113
v_courses,1->5,LATCH,3563,3396,140,0.37142857142857144,0.05714285714285714,0.37142857142857144,34.969296,0.7653083801269531
v_courses,1->6,SIFT,3643,3181,447,0.25727069351230425,0.017897091722595078,0.25727069351230425,164.56985,0.469696044921875
v_courses,1->6,ORB,500,500,57,0.38596491228070173,0.0,0.38596491228070173,62.070232,0.04760003089904785
v_courses,1->6,BRISK,6415,5813,472,0.4258474576271186,0.05508474576271186,0.4258474576271186,67.12714,0.43851804733276367
v_courses,1->6,LATCH,3563,3039,67,0.3880597014925373,0.029850746268656716,0.3880597014925373,36.90577,0.7630507946014404
v_dirtywall,1->2,SIFT,14047,13058,5762,0.9805623047552933,0.8556056924678931,0.9805623047552933,2.5449705,1.116997480392456
v_dirtywall,1->2,ORB,500,500,167,0.9700598802395209,0.5269461077844312,0.9700598802395209,7.349369,0.08064937591552734
v_dirtywall,1->2,BRISK,20954,20288,6362,0.9715498270983968,0.6790317510216913,0.9715498270983968,1.7678785,1.7362277507781982
v_dirtywall,1->2,LATCH,13075,12143,1724,0.9634570765661253,0.796983758700696,0.9634570765661253,1.6852114,1.7713143825531006
v_dirtywall,1->3,SIFT,14047,9592,1937,0.9499225606608157,0.771295818275684,0.9499225606608157,8.838713,0.8494203090667725
v_dirtywall,1->3,ORB,500,500,121,0.9421487603305785,0.35537190082644626,0.9421487603305785,12.208111,0.06746363639831543
v_dirtywall,1->3,BRISK,20954,15410,2308,0.9506065857885615,0.628682842287695,0.9506065857885615,4.519285,1.3032541275024414
v_dirtywall,1->3,LATCH,13075,8930,441,0.9319727891156463,0.7074829931972789,0.9319727891156463,7.2058043,1.65889310836792
v_dirtywall,1->4,SIFT,14047,9361,388,0.865979381443299,0.5154639175257731,0.865979381443299,42.684032,0.8946559429168701
v_dirtywall,1->4,ORB,500,500,43,0.8837209302325582,0.3023255813953488,0.8837209302325582,21.56668,0.07863545417785645
v_dirtywall,1->4,BRISK,20954,13524,358,0.8854748603351955,0.43854748603351956,0.8854748603351955,30.754812,1.3017981052398682
v_dirtywall,1->4,LATCH,13075,8600,100,0.89,0.44,0.89,13.061089,1.5487861633300781
v_dirtywall,1->5,SIFT,14047,12713,2318,0.9689387402933564,0.7411561691113029,0.9689387402933564,6.3774977,1.0082800388336182
v_dirtywall,1->5,ORB,500,500,38,0.9210526315789473,0.5526315789473685,0.9210526315789473,33.669247,0.07243084907531738
v_dirtywall,1->5,BRISK,20954,19461,2461,0.971149939049167,0.6318569687119058,0.971149939049167,3.6956878,1.560441493988037
v_dirtywall,1->5,LATCH,13075,11901,707,0.9490806223479491,0.7553041018387553,0.9490806223479491,4.0344396,1.8680331707000732
v_dirtywall,1->6,SIFT,14047,9840,261,0.842911877394636,0.6781609195402298,0.842911877394636,60.856884,0.9255220890045166
v_dirtywall,1->6,ORB,500,500,4,0.0,0.0,0.0,432.22253,0.07242202758789062
v_dirtywall,1->6,BRISK,20954,15160,243,0.8600823045267489,0.4897119341563786,0.8600823045267489,34.70148,2.8021275997161865
v_dirtywall,1->6,LATCH,13075,9203,9,0.4444444444444444,0.0,0.4444444444444444,271.80594,1.5318553447723389
v_dogman,1->2,SIFT,1398,1382,515,0.9087378640776699,0.6427184466019418,0.9087378640776699,6.499652,0.15931129455566406
v_dogman,1->2,ORB,500,500,170,0.8823529411764706,0.3764705882352941,0.8823529411764706,2.4803252,0.019199371337890625
v_dogman,1->2,BRISK,2251,2229,650,0.8676923076923077,0.4523076923076923,0.8676923076923077,1.9880612,0.19753479957580566
v_dogman,1->2,LATCH,1245,1253,262,0.8969465648854962,0.5877862595419847,0.8969465648854962,2.5870557,0.2802011966705322
v_dogman,1->3,SIFT,1398,1605,705,0.9035460992907801,0.7815602836879433,0.9035460992907801,8.580273,0.15474724769592285
v_dogman,1->3,ORB,500,500,247,0.9838056680161943,0.5506072874493927,0.9838056680161943,1.0764123,0.019553661346435547
v_dogman,1->3,BRISK,2251,2619,971,0.9104016477857878,0.5808444902162719,0.9104016477857878,2.4313452,0.19819259643554688
v_dogman,1->3,LATCH,1245,1379,462,0.9458874458874459,0.829004329004329,0.9458874458874459,1.9918724,0.25603723526000977
v_dogman,1->4,SIFT,1398,1589,69,0.42028985507246375,0.07246376811594203,0.42028985507246375,61.869877,0.15917134284973145
v_dogman,1->4,ORB,500,500,8,0.625,0.125,0.625,35.97918,0.02052140235900879
v_dogman,1->4,BRISK,2251,2188,56,0.625,0.16071428571428573,0.625,60.375576,0.20572924613952637
v_dogman,1->4,LATCH,1245,1441,13,0.15384615384615385,0.07692307692307693,0.15384615384615385,273.94223,0.2949819564819336
v_dogman,1->5,SIFT,1398,1347,315,0.8666666666666667,0.5238095238095238,0.8666666666666667,18.831614,0.1782364845275879
v_dogman,1->5,ORB,500,500,86,0.813953488372093,0.3953488372093023,0.813953488372093,10.5368595,0.019756078720092773
v_dogman,1->5,BRISK,2251,1827,297,0.8148148148148148,0.3771043771043771,0.8148148148148148,8.274474,0.16749858856201172
v_dogman,1->5,LATCH,1245,1175,101,0.9504950495049505,0.594059405940594,0.9504950495049505,1.2066602,0.20609450340270996
v_dogman,1->6,SIFT,1398,1285,49,0.22448979591836735,0.04081632653061224,0.22448979591836735,121.318954,0.14058804512023926
v_dogman,1->6,ORB,500,500,6,0.16666666666666666,0.0,0.16666666666666666,96.81231,0.015624761581420898
v_dogman,1->6,BRISK,2251,1780,29,0.20689655172413793,0.0,0.20689655172413793,89.27671,0.15374207496643066
v_dogman,1->6,LATCH,1245,1146,5,0.0,0.0,0.0,160.98178,0.20041584968566895
v_eastsouth,1->2,SIFT,10261,8811,2958,0.9803921568627451,0.894185260311021,0.9803921568627451,4.0654693,0.5976102352142334
v_eastsouth,1->2,ORB,500,500,222,0.9864864864864865,0.5990990990990991,0.9864864864864865,3.418156,0.04943203926086426
v_eastsouth,1->2,BRISK,14959,14880,4905,0.9765545361875637,0.7410805300713558,0.9765545361875637,1.5454204,1.1409027576446533
v_eastsouth,1->2,LATCH,9136,7948,582,0.9484536082474226,0.8316151202749141,0.9484536082474226,1.653707,1.0155699253082275
v_eastsouth,1->3,SIFT,10261,7881,1970,0.9786802030456853,0.916751269035533,0.9786802030456853,4.631893,0.5000333786010742
v_eastsouth,1->3,ORB,500,500,158,0.9556962025316456,0.6075949367088608,0.9556962025316456,4.30346,0.048258304595947266
v_eastsouth,1->3,BRISK,14959,10088,2230,0.9623318385650225,0.6017937219730942,0.9623318385650225,2.532615,0.7955570220947266
v_eastsouth,1->3,LATCH,9136,7032,11,0.2727272727272727,0.18181818181818182,0.2727272727272727,50.554916,0.9791774749755859
v_eastsouth,1->4,SIFT,10261,7417,1312,0.9695121951219512,0.7530487804878049,0.9695121951219512,7.4634423,0.49628472328186035
v_eastsouth,1->4,ORB,500,500,92,0.9782608695652174,0.5652173913043478,0.9782608695652174,0.96199083,0.04542398452758789
v_eastsouth,1->4,BRISK,14959,11843,1776,0.9572072072072072,0.49774774774774777,0.9572072072072072,3.2368896,0.9557719230651855
v_eastsouth,1->4,LATCH,9136,6442,2,0.5,0.5,0.5,71.20706,0.9933872222900391
v_eastsouth,1->5,SIFT,10261,7040,988,0.9544534412955465,0.8947368421052632,0.9544534412955465,11.145829,0.4970357418060303
v_eastsouth,1->5,ORB,500,500,34,0.9411764705882353,0.7647058823529411,0.9411764705882353,15.367092,0.047467947006225586
v_eastsouth,1->5,BRISK,14959,11051,1340,0.9701492537313433,0.6873134328358209,0.9701492537313433,3.3722632,0.8930871486663818
v_eastsouth,1->5,LATCH,9136,6473,4,0.0,0.0,0.0,193.48451,0.9530200958251953
v_eastsouth,1->6,SIFT,10261,5189,529,0.9376181474480151,0.8752362948960303,0.9376181474480151,16.681553,0.4049985408782959
v_eastsouth,1->6,ORB,500,500,30,0.9333333333333333,0.6,0.9333333333333333,11.774843,0.03818917274475098
v_eastsouth,1->6,BRISK,14959,7238,687,0.9490538573508006,0.6564774381368268,0.9490538573508006,7.066937,0.6791365146636963
v_eastsouth,1->6,LATCH,9136,4831,6,0.0,0.0,0.0,263.4858,0.8635110855102539
v_feast,1->2,SIFT,18277,12116,4958,0.9802339653085922,0.891286809197257,0.9802339653085922,6.485508,1.3995890617370605
v_feast,1->2,ORB,500,500,179,0.9776536312849162,0.6536312849162011,0.9776536312849162,0.96414995,0.0794534683227539
v_feast,1->2,BRISK,23203,18231,4010,0.9795511221945137,0.5815461346633416,0.9795511221945137,4.5632353,1.7089409828186035
v_feast,1->2,LATCH,17687,11897,8,0.375,0.375,0.375,165.80005,2.0944182872772217
v_feast,1->3,SIFT,18277,16564,3854,0.8842760768033212,0.38713025428126624,0.8842760768033212,13.042522,1.5141232013702393
v_feast,1->3,ORB,500,500,95,0.9157894736842105,0.30526315789473685,0.9157894736842105,1.5846188,0.08490824699401855
v_feast,1->3,BRISK,23203,26194,3688,0.8975054229934925,0.3893709327548807,0.8975054229934925,6.2157717,2.045656204223633
v_feast,1->3,LATCH,17687,15960,1362,0.8465491923641704,0.2973568281938326,0.8465491923641704,3.4533458,2.4181370735168457
v_feast,1->4,SIFT,18277,11046,1374,0.8209606986899564,0.4395924308588064,0.8209606986899564,37.109177,3.051743268966675
v_feast,1->4,ORB,500,500,26,0.9615384615384616,0.2692307692307692,0.9615384615384616,5.1973486,0.07338690757751465
v_feast,1->4,BRISK,23203,11646,805,0.831055900621118,0.3565217391304348,0.831055900621118,21.058441,1.2697560787200928
v_feast,1->4,LATCH,17687,10968,22,0.45454545454545453,0.3181818181818182,0.45454545454545453,72.19467,2.1659162044525146
v_feast,1->5,SIFT,18277,15405,3029,0.8593595245955761,0.3694288544073952,0.8593595245955761,13.44564,1.4812607765197754
v_feast,1->5,ORB,500,500,127,0.937007874015748,0.4015748031496063,0.937007874015748,3.5623076,0.08086228370666504
v_feast,1->5,BRISK,23203,19675,2517,0.8573698847834724,0.3377036154151768,0.8573698847834724,8.552787,1.7194037437438965
v_feast,1->5,LATCH,17687,15082,895,0.8636871508379889,0.28044692737430166,0.8636871508379889,4.436138,2.3535146713256836
v_feast,1->6,SIFT,18277,13425,1200,0.7875,0.255,0.7875,32.767017,1.3106729984283447
v_feast,1->6,ORB,500,500,42,0.8333333333333334,0.30952380952380953,0.8333333333333334,27.03469,0.07825875282287598
v_feast,1->6,BRISK,23203,21276,858,0.8018648018648019,0.2400932400932401,0.8018648018648019,17.142546,1.868070125579834
v_feast,1->6,LATCH,17687,13101,250,0.776,0.144,0.776,8.259788,2.253075122833252
v_fest,1->2,SIFT,9401,9992,3286,0.9716981132075472,0.6570298234936093,0.9716981132075472,7.476638,0.7499284744262695
v_fest,1->2,ORB,500,500,141,0.9787234042553191,0.45390070921985815,0.9787234042553191,1.2206622,0.0572354793548584
v_fest,1->2,BRISK,9912,9895,2862,0.953529000698812,0.5510132774283718,0.953529000698812,2.1791158,0.6949243545532227
v_fest,1->2,LATCH,8761,9171,1291,0.9473276529821844,0.6243222308288149,0.9473276529821844,1.3809577,1.306443691253662
v_fest,1->3,SIFT,9401,8958,916,0.7237991266375546,0.2052401746724891,0.7237991266375546,38.52185,0.6924526691436768
v_fest,1->3,ORB,500,500,36,0.6666666666666666,0.1111111111111111,0.6666666666666666,65.89667,0.054224252700805664
v_fest,1->3,BRISK,9912,10105,501,0.7225548902195609,0.12974051896207583,0.7225548902195609,12.32458,0.7259976863861084
v_fest,1->3,LATCH,8761,8318,70,0.8142857142857143,0.1,0.8142857142857143,9.397896,1.2999789714813232
v_fest,1->4,SIFT,9401,9533,2547,0.9426776599921476,0.430702787593247,0.9426776599921476,10.921573,0.7940800189971924
v_fest,1->4,ORB,500,500,138,0.8840579710144928,0.30434782608695654,0.8840579710144928,4.6242666,0.0558323860168457
v_fest,1->4,BRISK,9912,10088,2046,0.9173998044965787,0.34995112414467255,0.9173998044965787,3.9685304,0.6998500823974609
v_fest,1->4,LATCH,8761,8693,589,0.9134125636672326,0.39728353140916806,0.9134125636672326,1.5103028,1.289316177368164
v_fest,1->5,SIFT,9401,8858,1016,0.8671259842519685,0.2874015748031496,0.8671259842519685,27.738155,0.7632131576538086
v_fest,1->5,ORB,500,500,52,0.7692307692307693,0.17307692307692307,0.7692307692307693,16.657923,0.05694985389709473
v_fest,1->5,BRISK,9912,10340,688,0.813953488372093,0.1875,0.813953488372093,12.572167,0.7524282932281494
v_fest,1->5,LATCH,8761,8134,78,0.8076923076923077,0.14102564102564102,0.8076923076923077,15.981888,1.286090612411499
v_fest,1->6,SIFT,9401,8179,469,0.7164179104477612,0.1513859275053305,0.7164179104477612,69.74426,0.7054197788238525
v_fest,1->6,ORB,500,500,9,0.8888888888888888,0.3333333333333333,0.8888888888888888,1.627811,0.05376553535461426
v_fest,1->6,BRISK,9912,9646,252,0.7301587301587301,0.1626984126984127,0.7301587301587301,18.629267,0.7509148120880127
v_fest,1->6,LATCH,8761,7650,21,0.6666666666666666,0.14285714285714285,0.6666666666666666,63.046978,2.8783586025238037
v_gardens,1->2,SIFT,6072,6796,1227,0.9144254278728606,0.6308068459657702,0.9144254278728606,24.090628,0.5674440860748291
v_gardens,1->2,ORB,500,500,97,0.845360824742268,0.32989690721649484,0.845360824742268,41.858227,0.044061899185180664
v_gardens,1->2,BRISK,6094,7525,891,0.9191919191919192,0.4601571268237935,0.9191919191919192,8.874618,0.4762866497039795
v_gardens,1->2,LATCH,5864,6518,133,0.8120300751879699,0.5413533834586466,0.8120300751879699,29.416533,1.0365500450134277
v_gardens,1->3,SIFT,6072,6430,213,0.43661971830985913,0.046948356807511735,0.43661971830985913,139.87611,0.522040605545044
v_gardens,1->3,ORB,500,500,12,0.3333333333333333,0.0,0.3333333333333333,70.939,0.043846845626831055
v_gardens,1->3,BRISK,6094,6719,108,0.4166666666666667,0.009259259259259259,0.4166666666666667,43.22615,0.44538187980651855
v_gardens,1->3,LATCH,5864,5984,5,0.4,0.2,0.4,389.42798,1.0081188678741455
v_gardens,1->4,SIFT,6072,7699,2126,0.9604891815616181,0.8283160865475071,0.9604891815616181,9.246282,0.548321008682251
v_gardens,1->4,ORB,500,500,166,0.9578313253012049,0.5,0.9578313253012049,10.117374,0.0459287166595459
v_gardens,1->4,BRISK,6094,7401,1640,0.9457317073170731,0.6353658536585366,0.9457317073170731,4.7117805,0.4500551223754883
v_gardens,1->4,LATCH,5864,7244,653,0.9387442572741195,0.7733537519142419,0.9387442572741195,2.786291,1.0824134349822998
v_gardens,1->5,SIFT,6072,7785,274,0.6934306569343066,0.13503649635036497,0.6934306569343066,79.84532,0.553192138671875
v_gardens,1->5,ORB,500,500,17,0.6470588235294118,0.23529411764705882,0.6470588235294118,131.8434,0.04363131523132324
v_gardens,1->5,BRISK,6094,7787,163,0.7239263803680982,0.17177914110429449,0.7239263803680982,24.408154,0.47147059440612793
v_gardens,1->5,LATCH,5864,7261,12,0.4166666666666667,0.0,0.4166666666666667,61.938885,1.0244896411895752
v_gardens,1->6,SIFT,6072,5610,2044,0.9471624266144814,0.7837573385518591,0.9471624266144814,13.003188,0.5269649028778076
v_gardens,1->6,ORB,500,500,195,0.9487179487179487,0.49230769230769234,0.9487179487179487,2.2855823,0.04688835144042969
v_gardens,1->6,BRISK,6094,4233,1688,0.9443127962085308,0.6386255924170616,0.9443127962085308,5.0315175,0.3587775230407715
v_gardens,1->6,LATCH,5864,5366,1040,0.9413461538461538,0.7538461538461538,0.9413461538461538,2.2963886,0.9461796283721924
v_grace,1->2,SIFT,4226,4546,1887,0.8897721250662427,0.8330683624801272,0.8897721250662427,55.853886,0.7594215869903564
v_grace,1->2,ORB,500,500,228,0.8333333333333334,0.4473684210526316,0.8333333333333334,54.38144,0.05239272117614746
v_grace,1->2,BRISK,4389,5040,1761,0.8898353208404316,0.6649630891538898,0.8898353208404316,30.935957,0.361314058303833
v_grace,1->2,LATCH,4120,4425,1003,0.8584247258225324,0.7816550348953141,0.8584247258225324,47.65583,1.1456854343414307
v_grace,1->3,SIFT,4226,4607,1310,0.8282442748091603,0.7068702290076336,0.8282442748091603,83.35881,0.6648521423339844
v_grace,1->3,ORB,500,500,122,0.7950819672131147,0.319672131147541,0.7950819672131147,62.18278,0.05861496925354004
v_grace,1->3,BRISK,4389,4965,964,0.8163900414937759,0.5114107883817427,0.8163900414937759,53.94106,0.35672712326049805
v_grace,1->3,LATCH,4120,4448,418,0.7416267942583732,0.6172248803827751,0.7416267942583732,75.72681,1.0509898662567139
v_grace,1->4,SIFT,4226,4909,766,0.6592689295039165,0.5026109660574413,0.6592689295039165,208.58733,0.7263686656951904
v_grace,1->4,ORB,500,500,68,0.45588235294117646,0.19117647058823528,0.45588235294117646,214.00296,0.05353188514709473
v_grace,1->4,BRISK,4389,4995,533,0.6360225140712945,0.3433395872420263,0.6360225140712945,193.00488,0.36919617652893066
v_grace,1->4,LATCH,4120,4714,175,0.7085714285714285,0.5428571428571428,0.7085714285714285,69.92895,1.1353998184204102
v_grace,1->5,SIFT,4226,4863,402,0.3283582089552239,0.2064676616915423,0.3283582089552239,478.5592,0.7061231136322021
v_grace,1->5,ORB,500,500,40,0.1,0.025,0.1,657.68494,0.05996894836425781
v_grace,1->5,BRISK,4389,4423,229,0.3406113537117904,0.2052401746724891,0.3406113537117904,465.57205,0.3478257656097412
v_grace,1->5,LATCH,4120,4692,54,0.46296296296296297,0.3148148148148148,0.46296296296296297,151.91136,1.1181437969207764
v_grace,1->6,SIFT,4226,4834,221,0.04524886877828054,0.02262443438914027,0.04524886877828054,711.2312,0.6778337955474854
v_grace,1->6,ORB,500,500,18,0.0,0.0,0.0,508.5613,0.05469155311584473
v_grace,1->6,BRISK,4389,3387,78,0.0641025641025641,0.038461538461538464,0.0641025641025641,609.16003,0.3170895576477051
v_grace,1->6,LATCH,4120,4526,19,0.15789473684210525,0.0,0.15789473684210525,375.44388,1.0637314319610596
v_graffiti,1->2,SIFT,2678,3060,1102,0.9310344827586207,0.6833030852994555,0.9310344827586207,10.534376,0.2412106990814209
v_graffiti,1->2,ORB,500,500,199,0.9447236180904522,0.49246231155778897,0.9447236180904522,5.6460695,0.034898996353149414
v_graffiti,1->2,BRISK,3524,4287,1194,0.9020100502512562,0.45979899497487436,0.9020100502512562,2.819626,0.2747673988342285
v_graffiti,1->2,LATCH,2322,2673,526,0.935361216730038,0.7034220532319392,0.935361216730038,1.0523223,0.4354124069213867
v_graffiti,1->3,SIFT,2678,3504,519,0.7398843930635838,0.26396917148362237,0.7398843930635838,38.411156,0.23989200592041016
v_graffiti,1->3,ORB,500,500,51,0.7843137254901961,0.19607843137254902,0.7843137254901961,12.682754,0.029486656188964844
v_graffiti,1->3,BRISK,3524,5039,381,0.7874015748031497,0.23622047244094488,0.7874015748031497,10.092204,0.2909882068634033
v_graffiti,1->3,LATCH,2322,3043,57,0.6491228070175439,0.12280701754385964,0.6491228070175439,22.962397,0.45107460021972656
v_graffiti,1->4,SIFT,2678,3666,138,0.36231884057971014,0.2028985507246377,0.36231884057971014,147.44588,0.2340688705444336
v_graffiti,1->4,ORB,500,500,21,0.38095238095238093,0.14285714285714285,0.38095238095238093,91.64698,0.028757095336914062
v_graffiti,1->4,BRISK,3524,5188,86,0.6744186046511628,0.3023255813953488,0.6744186046511628,40.75333,0.3127615451812744
v_graffiti,1->4,LATCH,2322,3147,7,0.2857142857142857,0.0,0.2857142857142857,73.85838,0.4390549659729004
v_graffiti,1->5,SIFT,2678,3922,87,0.022988505747126436,0.011494252873563218,0.022988505747126436,270.38983,0.230391263961792
v_graffiti,1->5,ORB,500,500,6,0.0,0.0,0.0,218.96881,0.028873443603515625
v_graffiti,1->5,BRISK,3524,5204,23,0.34782608695652173,0.17391304347826086,0.34782608695652173,200.87051,0.29318952560424805
v_graffiti,1->5,LATCH,2322,3431,2,0.0,0.0,0.0,13.615976,0.4521615505218506
v_graffiti,1->6,SIFT,2678,4789,47,0.02127659574468085,0.02127659574468085,0.02127659574468085,281.13788,0.2528116703033447
v_graffiti,1->6,ORB,500,500,3,0.0,0.0,0.0,274.7703,0.029599666595458984
v_graffiti,1->6,BRISK,3524,6697,20,0.05,0.0,0.05,294.28955,2.0445644855499268
v_graffiti,1->6,LATCH,2322,4172,2,0.0,0.0,0.0,408.43823,0.48812437057495117
v_home,1->2,SIFT,7019,6717,1130,0.8884955752212389,0.620353982300885,0.8884955752212389,21.747871,0.5700805187225342
v_home,1->2,ORB,500,500,93,0.8924731182795699,0.41935483870967744,0.8924731182795699,5.2983828,0.047132015228271484
v_home,1->2,BRISK,7721,7052,791,0.8938053097345132,0.4917825537294564,0.8938053097345132,10.889262,0.5338237285614014
v_home,1->2,LATCH,6417,6202,279,0.9247311827956989,0.5734767025089605,0.9247311827956989,4.956748,1.0378360748291016
v_home,1->3,SIFT,7019,5067,427,0.7096018735362998,0.1990632318501171,0.7096018735362998,55.29967,0.5316410064697266
v_home,1->3,ORB,500,500,57,0.5789473684210527,0.12280701754385964,0.5789473684210527,61.876225,0.0435335636138916
v_home,1->3,BRISK,7721,4741,250,0.764,0.228,0.764,45.867924,0.4351236820220947
v_home,1->3,LATCH,6417,4618,115,0.7304347826086957,0.26956521739130435,0.7304347826086957,9.867159,0.9685282707214355
v_home,1->4,SIFT,7019,5705,1261,0.9048374306106265,0.584456780333069,0.9048374306106265,18.542938,0.553149938583374
v_home,1->4,ORB,500,500,70,0.7428571428571429,0.2857142857142857,0.7428571428571429,17.399546,0.04455399513244629
v_home,1->4,BRISK,7721,6163,1008,0.9424603174603174,0.4494047619047619,0.9424603174603174,4.5834537,0.5166094303131104
v_home,1->4,LATCH,6417,5484,250,0.884,0.38,0.884,14.313283,0.9888591766357422
v_home,1->5,SIFT,7019,3996,265,0.35094339622641507,0.052830188679245285,0.35094339622641507,142.53407,0.49973011016845703
v_home,1->5,ORB,500,500,11,0.2727272727272727,0.18181818181818182,0.2727272727272727,119.61993,0.03950905799865723
v_home,1->5,BRISK,7721,3230,149,0.4966442953020134,0.04697986577181208,0.4966442953020134,37.83618,0.375842809677124
v_home,1->5,LATCH,6417,3579,28,0.5357142857142857,0.14285714285714285,0.5357142857142857,46.289776,0.8617541790008545
v_home,1->6,SIFT,7019,6283,2590,0.9648648648648649,0.9247104247104247,0.9648648648648649,6.7926874,0.5390455722808838
v_home,1->6,ORB,500,500,162,0.9444444444444444,0.5123456790123457,0.9444444444444444,9.102719,0.04336833953857422
v_home,1->6,BRISK,7721,7036,1739,0.9223691776883266,0.6244968372627947,0.9223691776883266,5.7901044,0.4995994567871094
v_home,1->6,LATCH,6417,5991,46,0.7391304347826086,0.6521739130434783,0.7391304347826086,17.55191,0.9578351974487305
v_laptop,1->2,SIFT,1892,1437,1081,0.9861239592969473,0.9759481961147086,0.9861239592969473,2.5036073,0.17409110069274902
v_laptop,1->2,ORB,500,500,294,0.9659863945578231,0.6598639455782312,0.9659863945578231,1.0037254,0.018152236938476562
v_laptop,1->2,BRISK,2168,1932,1103,0.971894832275612,0.7896645512239348,0.971894832275612,0.8285995,0.1784369945526123
v_laptop,1->2,LATCH,1871,1429,780,0.958974358974359,0.9217948717948717,0.958974358974359,0.4170841,0.29018688201904297
v_laptop,1->3,SIFT,1892,1041,714,0.9551820728291317,0.938375350140056,0.9551820728291317,5.3943753,0.16350173950195312
v_laptop,1->3,ORB,500,500,256,0.9921875,0.55859375,0.9921875,2.4292588,0.017916440963745117
v_laptop,1->3,BRISK,2168,1596,688,0.9709302325581395,0.7790697674418605,0.9709302325581395,1.7400476,0.1715083122253418
v_laptop,1->3,LATCH,1871,1020,53,0.7924528301886793,0.6981132075471698,0.7924528301886793,14.716597,0.2801234722137451
v_laptop,1->4,SIFT,1892,930,567,0.9576719576719577,0.9417989417989417,0.9576719576719577,7.8723183,0.16231346130371094
v_laptop,1->4,ORB,500,500,216,0.9490740740740741,0.5555555555555556,0.9490740740740741,2.7862742,0.017874479293823242
v_laptop,1->4,BRISK,2168,1371,584,0.9743150684931506,0.738013698630137,0.9743150684931506,1.1878768,0.15863752365112305
v_laptop,1->4,LATCH,1871,885,28,0.6428571428571429,0.5714285714285714,0.6428571428571429,15.318453,0.2694258689880371
v_laptop,1->5,SIFT,1892,992,583,0.9605488850771869,0.9399656946826758,0.9605488850771869,9.187903,0.16261982917785645
v_laptop,1->5,ORB,500,500,224,0.9598214285714286,0.5803571428571429,0.9598214285714286,2.2184675,0.017925024032592773
v_laptop,1->5,BRISK,2168,1390,588,0.9693877551020408,0.7534013605442177,0.9693877551020408,2.2230623,0.17087984085083008
v_laptop,1->5,LATCH,1871,946,48,0.7916666666666666,0.7291666666666666,0.7916666666666666,17.657875,0.2801187038421631
v_laptop,1->6,SIFT,1892,1214,714,0.9635854341736695,0.9229691876750701,0.9635854341736695,5.430144,0.18600058555603027
v_laptop,1->6,ORB,500,500,236,0.9703389830508474,0.576271186440678,0.9703389830508474,1.0596026,0.01842951774597168
v_laptop,1->6,BRISK,2168,1897,727,0.9656121045392022,0.7441540577716643,0.9656121045392022,1.0974762,0.18695664405822754
v_laptop,1->6,LATCH,1871,1198,56,0.8035714285714286,0.6964285714285714,0.8035714285714286,12.753538,0.29442501068115234
v_london,1->2,SIFT,19465,19995,9172,0.9868076755342347,0.9569341474051462,0.9868076755342347,2.660602,1.8928885459899902
v_london,1->2,ORB,500,500,138,0.9565217391304348,0.5579710144927537,0.9565217391304348,4.0900784,0.08572888374328613
v_london,1->2,BRISK,21189,25246,6833,0.9765842236206644,0.7850139031172252,0.9765842236206644,1.5983644,1.864466905593872
v_london,1->2,LATCH,18674,18814,4990,0.9751503006012024,0.9330661322645291,0.9751503006012024,0.6894743,2.671771287918091
v_london,1->3,SIFT,19465,17414,5687,0.9831193951116581,0.9191137682433621,0.9831193951116581,4.2771454,1.7405564785003662
v_london,1->3,ORB,500,500,144,0.9444444444444444,0.4375,0.9444444444444444,8.533829,0.0664815902709961
v_london,1->3,BRISK,21189,19969,5863,0.9747569503667065,0.7509807265904827,0.9747569503667065,2.8686867,1.5112080574035645
v_london,1->3,LATCH,18674,16347,3530,0.9654390934844193,0.8739376770538244,0.9654390934844193,0.9125825,2.5221564769744873
v_london,1->4,SIFT,19465,16390,4519,0.9752157556981633,0.816552334587298,0.9752157556981633,5.417407,3.610292434692383
v_london,1->4,ORB,500,500,65,0.9230769230769231,0.4461538461538462,0.9230769230769231,9.726101,0.08588981628417969
v_london,1->4,BRISK,21189,19885,2827,0.9625044216483906,0.6186770428015564,0.9625044216483906,5.604695,1.6709797382354736
v_london,1->4,LATCH,18674,15747,561,0.9447415329768271,0.7878787878787878,0.9447415329768271,7.4594107,2.6410810947418213
v_london,1->5,SIFT,19465,12585,4009,0.9775505113494637,0.8575704664504864,0.9775505113494637,7.4614286,1.3488070964813232
v_london,1->5,ORB,500,500,153,0.9607843137254902,0.40522875816993464,0.9607843137254902,12.756338,0.08482050895690918
v_london,1->5,BRISK,21189,14218,4645,0.9685683530678149,0.6305705059203445,0.9685683530678149,3.3857083,1.3031179904937744
v_london,1->5,LATCH,18674,12070,2644,0.9587745839636914,0.8018154311649016,0.9587745839636914,1.0863944,2.1208395957946777
v_london,1->6,SIFT,19465,10429,3750,0.9765333333333334,0.8309333333333333,0.9765333333333334,4.9229627,1.1604723930358887
v_london,1->6,ORB,500,500,137,0.9124087591240876,0.36496350364963503,0.9124087591240876,1.4298441,0.07315397262573242
v_london,1->6,BRISK,21189,9390,3476,0.953970080552359,0.5834292289988493,0.953970080552359,3.8674583,1.0071489810943604
v_london,1->6,LATCH,18674,9847,2899,0.9565367368057951,0.7357709555018972,0.9565367368057951,1.8762057,2.041558265686035
v_machines,1->2,SIFT,5800,4782,1656,0.7971014492753623,0.16968599033816426,0.7971014492753623,22.073803,0.5025339126586914
v_machines,1->2,ORB,500,500,114,0.7982456140350878,0.15789473684210525,0.7982456140350878,10.834405,0.04299283027648926
v_machines,1->2,BRISK,7922,6452,1544,0.8134715025906736,0.1489637305699482,0.8134715025906736,5.926151,0.4743521213531494
v_machines,1->2,LATCH,5493,4553,593,0.821247892074199,0.16526138279932545,0.821247892074199,8.284686,0.8783018589019775
v_machines,1->3,SIFT,5800,3759,365,0.4767123287671233,0.06301369863013699,0.4767123287671233,131.79669,0.43982505798339844
v_machines,1->3,ORB,500,500,30,0.4,0.06666666666666667,0.4,150.96338,0.03956460952758789
v_machines,1->3,BRISK,7922,4459,256,0.5546875,0.0859375,0.5546875,35.479294,0.4028303623199463
v_machines,1->3,LATCH,5493,3544,65,0.5538461538461539,0.07692307692307693,0.5538461538461539,18.53237,0.8093664646148682
v_machines,1->4,SIFT,5800,3606,1549,0.8689477081988379,0.23563589412524208,0.8689477081988379,20.163044,0.44936633110046387
v_machines,1->4,ORB,500,500,102,0.9705882352941176,0.2549019607843137,0.9705882352941176,1.6082395,0.0407564640045166
v_machines,1->4,BRISK,7922,5293,1356,0.8650442477876106,0.2640117994100295,0.8650442477876106,8.254519,0.442476749420166
v_machines,1->4,LATCH,5493,3567,168,0.7738095238095238,0.2857142857142857,0.7738095238095238,13.368075,0.802506685256958
v_machines,1->5,SIFT,5800,2984,321,0.48286604361370716,0.07165109034267912,0.48286604361370716,97.29503,0.4435126781463623
v_machines,1->5,ORB,500,500,28,0.7857142857142857,0.14285714285714285,0.7857142857142857,8.66887,0.041578054428100586
v_machines,1->5,BRISK,7922,4158,207,0.5700483091787439,0.07729468599033816,0.5700483091787439,45.70298,0.41610288619995117
v_machines,1->5,LATCH,5493,2939,42,0.4523809523809524,0.14285714285714285,0.4523809523809524,53.751633,0.8278262615203857
v_machines,1->6,SIFT,5800,3711,1885,0.9358090185676392,0.783023872679045,0.9358090185676392,14.133426,0.465700626373291
v_machines,1->6,ORB,500,500,185,0.9621621621621622,0.5135135135135135,0.9621621621621622,2.839112,0.04468703269958496
v_machines,1->6,BRISK,7922,5331,1685,0.9465875370919882,0.5376854599406529,0.9465875370919882,3.7253563,0.4524857997894287
v_machines,1->6,LATCH,5493,3711,43,0.627906976744186,0.3953488372093023,0.627906976744186,47.616978,0.8965113162994385
v_man,1->2,SIFT,2699,2512,739,0.790257104194858,0.2868741542625169,0.790257104194858,18.63127,0.518073320388794
v_man,1->2,ORB,500,500,87,0.9195402298850575,0.2413793103448276,0.9195402298850575,15.605449,0.043961524963378906
v_man,1->2,BRISK,2814,2421,618,0.8333333333333334,0.3106796116504854,0.8333333333333334,5.5292335,0.2323911190032959
v_man,1->2,LATCH,2505,2393,277,0.9205776173285198,0.296028880866426,0.9205776173285198,5.0433793,0.766298770904541
v_man,1->3,SIFT,2699,2021,263,0.5133079847908745,0.09885931558935361,0.5133079847908745,66.51953,0.5072495937347412
v_man,1->3,ORB,500,500,18,0.7222222222222222,0.16666666666666666,0.7222222222222222,17.249334,0.04306364059448242
v_man,1->3,BRISK,2814,2240,160,0.675,0.13125,0.675,32.06466,0.23361825942993164
v_man,1->3,LATCH,2505,1977,66,0.5606060606060606,0.07575757575757576,0.5606060606060606,53.36696,0.778994083404541
v_man,1->4,SIFT,2699,2095,110,0.32727272727272727,0.10909090909090909,0.32727272727272727,298.19925,0.4731297492980957
v_man,1->4,ORB,500,500,8,0.375,0.125,0.375,70.283325,0.03046107292175293
v_man,1->4,BRISK,2814,1840,33,0.48484848484848486,0.12121212121212122,0.48484848484848486,90.443985,0.16334295272827148
v_man,1->4,LATCH,2505,1990,22,0.5,0.18181818181818182,0.5,106.033424,0.5895540714263916
v_man,1->5,SIFT,2699,1804,573,0.6910994764397905,0.08376963350785341,0.6910994764397905,44.33229,0.476534366607666
v_man,1->5,ORB,500,500,67,0.7014925373134329,0.05970149253731343,0.7014925373134329,17.37974,0.04221916198730469
v_man,1->5,BRISK,2814,1764,446,0.7219730941704036,0.09865470852017937,0.7219730941704036,9.7956295,0.23017120361328125
v_man,1->5,LATCH,2505,1694,271,0.7785977859778598,0.1070110701107011,0.7785977859778598,19.661772,2.687697172164917
v_man,1->6,SIFT,2699,2408,602,0.7790697674418605,0.3073089700996678,0.7790697674418605,18.765106,0.5318806171417236
v_man,1->6,ORB,500,500,65,0.8307692307692308,0.24615384615384617,0.8307692307692308,16.110525,0.04530072212219238
v_man,1->6,BRISK,2814,2316,509,0.793713163064833,0.2829076620825147,0.793713163064833,5.2674975,0.242079496383667
v_man,1->6,LATCH,2505,2338,185,0.9351351351351351,0.4540540540540541,0.9351351351351351,12.62695,0.797257661819458
v_maskedman,1->2,SIFT,2135,1514,460,0.9391304347826087,0.5652173913043478,0.9391304347826087,12.077474,0.2555701732635498
v_maskedman,1->2,ORB,500,500,59,0.8813559322033898,0.3728813559322034,0.8813559322033898,17.064444,0.022863388061523438
v_maskedman,1->2,BRISK,1836,1613,272,0.9154411764705882,0.4485294117647059,0.9154411764705882,13.456696,0.14139890670776367
v_maskedman,1->2,LATCH,1829,1367,175,0.8742857142857143,0.4514285714285714,0.8742857142857143,1.5416508,0.38417577743530273
v_maskedman,1->3,SIFT,2135,1482,432,0.8958333333333334,0.6458333333333334,0.8958333333333334,34.035583,0.262253999710083
v_maskedman,1->3,ORB,500,500,63,0.9206349206349206,0.49206349206349204,0.9206349206349206,4.3607874,0.023795604705810547
v_maskedman,1->3,BRISK,1836,1664,211,0.9383886255924171,0.5023696682464455,0.9383886255924171,15.395346,0.1532142162322998
v_maskedman,1->3,LATCH,1829,1310,80,0.875,0.4625,0.875,9.876613,0.38436269760131836
v_maskedman,1->4,SIFT,2135,2280,542,0.933579335793358,0.3892988929889299,0.933579335793358,9.718055,0.26357007026672363
v_maskedman,1->4,ORB,500,500,51,0.6274509803921569,0.11764705882352941,0.6274509803921569,15.870991,0.0243375301361084
v_maskedman,1->4,BRISK,1836,2096,254,0.8700787401574803,0.35039370078740156,0.8700787401574803,7.732792,0.16253924369812012
v_maskedman,1->4,LATCH,1829,2044,118,0.8050847457627118,0.2542372881355932,0.8050847457627118,6.0777392,0.4226682186126709
v_maskedman,1->5,SIFT,2135,2267,679,0.9440353460972017,0.43151693667157587,0.9440353460972017,7.8981457,0.2578132152557373
v_maskedman,1->5,ORB,500,500,63,0.8571428571428571,0.2857142857142857,0.8571428571428571,2.9379811,0.023508071899414062
v_maskedman,1->5,BRISK,1836,1653,324,0.8950617283950617,0.38580246913580246,0.8950617283950617,4.845812,0.14315319061279297
v_maskedman,1->5,LATCH,1829,1941,228,0.8947368421052632,0.35526315789473684,0.8947368421052632,3.0462587,0.43561267852783203
v_maskedman,1->6,SIFT,2135,2617,73,0.6986301369863014,0.3287671232876712,0.6986301369863014,68.479866,0.2565124034881592
v_maskedman,1->6,ORB,500,500,4,0.0,0.0,0.0,417.06805,0.024851560592651367
v_maskedman,1->6,BRISK,1836,4135,32,0.46875,0.1875,0.46875,97.41234,0.2020409107208252
v_maskedman,1->6,LATCH,1829,2448,15,0.4666666666666667,0.2,0.4666666666666667,77.986916,0.42180466651916504
v_pomegranate,1->2,SIFT,9564,8313,1783,0.8149186763881099,0.1693774537296691,0.8149186763881099,10.604461,0.7788162231445312
v_pomegranate,1->2,ORB,500,500,115,0.8,0.19130434782608696,0.8,6.0408297,0.06144833564758301
v_pomegranate,1->2,BRISK,8644,8956,1385,0.7956678700361011,0.15306859205776174,0.7956678700361011,6.798663,0.6227066516876221
v_pomegranate,1->2,LATCH,9090,7957,1282,0.8166926677067082,0.16614664586583464,0.8166926677067082,3.1560135,1.4328045845031738
v_pomegranate,1->3,SIFT,9564,7760,1793,0.77356385945343,0.21751254880089235,0.77356385945343,10.411107,0.7562646865844727
v_pomegranate,1->3,ORB,500,500,107,0.5981308411214953,0.17757009345794392,0.5981308411214953,8.87818,0.05677461624145508
v_pomegranate,1->3,BRISK,8644,6955,1130,0.7292035398230089,0.16991150442477876,0.7292035398230089,6.9785094,0.5398201942443848
v_pomegranate,1->3,LATCH,9090,7514,355,0.5605633802816902,0.11549295774647887,0.5605633802816902,10.2048025,1.3672418594360352
v_pomegranate,1->4,SIFT,9564,6906,2027,0.9319190922545634,0.5411938825851011,0.9319190922545634,8.372547,0.7150013446807861
v_pomegranate,1->4,ORB,500,500,122,0.860655737704918,0.19672131147540983,0.860655737704918,1.8602877,0.05868840217590332
v_pomegranate,1->4,BRISK,8644,8149,1241,0.878323932312651,0.3311845286059629,0.878323932312651,4.397823,0.5407297611236572
v_pomegranate,1->4,LATCH,9090,6832,294,0.7346938775510204,0.15306122448979592,0.7346938775510204,9.373329,1.2597253322601318
v_pomegranate,1->5,SIFT,9564,3964,1495,0.8307692307692308,0.19866220735785953,0.8307692307692308,21.192505,0.5904645919799805
v_pomegranate,1->5,ORB,500,500,89,0.7752808988764045,0.14606741573033707,0.7752808988764045,13.656537,0.04803609848022461
v_pomegranate,1->5,BRISK,8644,1932,693,0.7402597402597403,0.1645021645021645,0.7402597402597403,31.408928,0.3527085781097412
v_pomegranate,1->5,LATCH,9090,3688,842,0.8123515439429929,0.20783847980997625,0.8123515439429929,4.616701,1.1231606006622314
v_pomegranate,1->6,SIFT,9564,3796,1396,0.8839541547277937,0.2349570200573066,0.8839541547277937,17.5211,0.5981395244598389
v_pomegranate,1->6,ORB,500,500,84,0.8690476190476191,0.20238095238095238,0.8690476190476191,11.686003,0.048308372497558594
v_pomegranate,1->6,BRISK,8644,1823,631,0.8066561014263075,0.2076069730586371,0.8066561014263075,22.416569,0.359450101852417
v_pomegranate,1->6,LATCH,9090,3351,780,0.882051282051282,0.2935897435897436,0.882051282051282,4.4012246,1.0653891563415527
v_posters,1->2,SIFT,18198,9778,3071,0.877564311299251,0.6997720612178443,0.877564311299251,35.946983,1.2773122787475586
v_posters,1->2,ORB,500,500,92,0.8913043478260869,0.5760869565217391,0.8913043478260869,22.999823,0.09183311462402344
v_posters,1->2,BRISK,29030,17635,2744,0.9420553935860059,0.5783527696793003,0.9420553935860059,10.548453,1.9243497848510742
v_posters,1->2,LATCH,17557,9114,14,0.0,0.0,0.0,407.62332,2.2138023376464844
v_posters,1->3,SIFT,18198,10493,3759,0.8978451715881883,0.6344772545889864,0.8978451715881883,23.501467,1.3067376613616943
v_posters,1->3,ORB,500,500,102,0.9411764705882353,0.5490196078431373,0.9411764705882353,4.7814217,0.09277987480163574
v_posters,1->3,BRISK,29030,18327,3220,0.9211180124223602,0.5192546583850932,0.9211180124223602,12.953392,1.9796881675720215
v_posters,1->3,LATCH,17557,10063,11,0.36363636363636365,0.0,0.36363636363636365,169.98274,4.00772762298584
v_posters,1->4,SIFT,18198,11140,3994,0.913620430645969,0.7786680020030045,0.913620430645969,24.74424,1.3572368621826172
v_posters,1->4,ORB,500,500,147,0.9387755102040817,0.7142857142857143,0.9387755102040817,9.64089,0.10141897201538086
v_posters,1->4,BRISK,29030,19465,3898,0.935608004104669,0.6236531554643406,0.935608004104669,13.704422,2.089327573776245
v_posters,1->4,LATCH,17557,10422,7,0.0,0.0,0.0,343.09302,2.177574872970581
v_posters,1->5,SIFT,18198,11170,1981,0.7107521453811206,0.31448763250883394,0.7107521453811206,67.994896,1.2964494228363037
v_posters,1->5,ORB,500,500,27,0.8888888888888888,0.48148148148148145,0.8888888888888888,2.8740141,0.08887386322021484
v_posters,1->5,BRISK,29030,21069,1239,0.7158999192897498,0.28087167070217917,0.7158999192897498,50.064213,2.0520195960998535
v_posters,1->5,LATCH,17557,10375,12,0.16666666666666666,0.0,0.16666666666666666,259.61688,2.0926337242126465
v_posters,1->6,SIFT,18198,10149,1220,0.5426229508196722,0.34098360655737703,0.5426229508196722,62.386604,1.2528800964355469
v_posters,1->6,ORB,500,500,30,0.5333333333333333,0.36666666666666664,0.5333333333333333,101.06712,0.09267473220825195
v_posters,1->6,BRISK,29030,19147,1059,0.6525023607176582,0.3153918791312559,0.6525023607176582,22.075539,1.9643442630767822
v_posters,1->6,LATCH,17557,9603,224,0.6651785714285714,0.30357142857142855,0.6651785714285714,22.90275,2.0116305351257324
v_samples,1->2,SIFT,7702,4471,2112,0.9483901515151515,0.8238636363636364,0.9483901515151515,15.436352,0.5928459167480469
v_samples,1->2,ORB,500,500,137,0.927007299270073,0.4744525547445255,0.927007299270073,20.329733,0.04431724548339844
v_samples,1->2,BRISK,7535,7669,1907,0.9386470896696382,0.5626638699528055,0.9386470896696382,10.460611,0.4694252014160156
v_samples,1->2,LATCH,7467,4412,51,0.13725490196078433,0.09803921568627451,0.13725490196078433,273.41614,1.1617100238800049
v_samples,1->3,SIFT,7702,5054,2122,0.9481621112158342,0.7474081055607917,0.9481621112158342,17.192183,0.8042495250701904
v_samples,1->3,ORB,500,500,128,0.953125,0.5234375,0.953125,18.173853,0.0661611557006836
v_samples,1->3,BRISK,7535,8945,1938,0.9401444788441693,0.4664602683178535,0.9401444788441693,8.321225,0.5959322452545166
v_samples,1->3,LATCH,7467,4989,92,0.3695652173913043,0.18478260869565216,0.3695652173913043,199.83742,1.3241088390350342
v_samples,1->4,SIFT,7702,5092,1390,0.9093525179856116,0.6661870503597123,0.9093525179856116,26.467041,0.7853305339813232
v_samples,1->4,ORB,500,500,71,0.8169014084507042,0.49295774647887325,0.8169014084507042,63.69181,0.06490421295166016
v_samples,1->4,BRISK,7535,6956,1066,0.8761726078799249,0.47373358348968103,0.8761726078799249,28.800499,0.52437424659729
v_samples,1->4,LATCH,7467,4993,88,0.5681818181818182,0.32954545454545453,0.5681818181818182,152.85797,1.1894910335540771
v_samples,1->5,SIFT,7702,4664,1759,0.9403069926094372,0.7515633882888004,0.9403069926094372,18.703703,0.7524819374084473
v_samples,1->5,ORB,500,500,95,0.8736842105263158,0.47368421052631576,0.8736842105263158,46.01821,0.063629150390625
v_samples,1->5,BRISK,7535,8057,1528,0.9476439790575916,0.4698952879581152,0.9476439790575916,9.043624,0.5612809658050537
v_samples,1->5,LATCH,7467,4570,76,0.3815789473684211,0.2236842105263158,0.3815789473684211,240.49982,1.3136394023895264
v_samples,1->6,SIFT,7702,4630,1096,0.8886861313868614,0.6231751824817519,0.8886861313868614,30.969627,2.90584397315979
v_samples,1->6,ORB,500,500,50,0.62,0.38,0.62,125.26287,0.07016491889953613
v_samples,1->6,BRISK,7535,7159,865,0.8763005780346821,0.45433526011560693,0.8763005780346821,21.481012,0.5510809421539307
v_samples,1->6,LATCH,7467,4536,72,0.5138888888888888,0.2916666666666667,0.5138888888888888,200.66013,1.2899768352508545
v_soldiers,1->2,SIFT,618,451,189,0.9153439153439153,0.5608465608465608,0.9153439153439153,16.269712,0.5603771209716797
v_soldiers,1->2,ORB,500,500,90,0.9,0.32222222222222224,0.9,8.0226145,0.026692628860473633
v_soldiers,1->2,BRISK,258,176,56,0.8571428571428571,0.30357142857142855,0.8571428571428571,1.8180716,0.10638093948364258
v_soldiers,1->2,LATCH,568,437,92,0.9347826086956522,0.5108695652173914,0.9347826086956522,1.6825091,0.5609960556030273
v_soldiers,1->3,SIFT,618,550,149,0.8791946308724832,0.48322147651006714,0.8791946308724832,21.313223,0.5202908515930176
v_soldiers,1->3,ORB,500,500,103,0.8252427184466019,0.20388349514563106,0.8252427184466019,16.899593,0.03339815139770508
v_soldiers,1->3,BRISK,258,328,65,0.9230769230769231,0.3384615384615385,0.9230769230769231,1.6653043,0.1163938045501709
v_soldiers,1->3,LATCH,568,520,72,0.9166666666666666,0.5555555555555556,0.9166666666666666,1.5765046,0.5889880657196045
v_soldiers,1->4,SIFT,618,779,122,0.860655737704918,0.4672131147540984,0.860655737704918,18.164766,0.5269670486450195
v_soldiers,1->4,ORB,500,500,88,0.9204545454545454,0.23863636363636365,0.9204545454545454,1.720219,0.030354976654052734
v_soldiers,1->4,BRISK,258,454,40,0.875,0.375,0.875,19.272013,0.1102290153503418
v_soldiers,1->4,LATCH,568,746,50,0.86,0.46,0.86,7.735234,0.5902211666107178
v_soldiers,1->5,SIFT,618,1165,73,0.8082191780821918,0.3698630136986301,0.8082191780821918,37.666786,0.46742916107177734
v_soldiers,1->5,ORB,500,500,59,0.7966101694915254,0.1694915254237288,0.7966101694915254,14.569374,0.032647132873535156
v_soldiers,1->5,BRISK,258,589,27,0.7037037037037037,0.18518518518518517,0.7037037037037037,67.056854,0.11000418663024902
v_soldiers,1->5,LATCH,568,1105,25,0.64,0.32,0.64,36.416824,0.5908148288726807
v_soldiers,1->6,SIFT,618,1942,176,0.9261363636363636,0.5681818181818182,0.9261363636363636,1.3018334,0.5349853038787842
v_soldiers,1->6,ORB,500,500,40,0.95,0.325,0.95,1.4800665,0.02845001220703125
v_soldiers,1->6,BRISK,258,1079,50,0.96,0.36,0.96,1.4039799,0.1200096607208252
v_soldiers,1->6,LATCH,568,1893,64,0.953125,0.59375,0.953125,1.0983099,0.6101405620574951
v_strand,1->2,SIFT,5112,7125,2931,0.9682702149437052,0.9239167519617878,0.9682702149437052,8.992217,0.6378488540649414
v_strand,1->2,ORB,500,500,292,0.976027397260274,0.660958904109589,0.976027397260274,0.9355889,0.04888796806335449
v_strand,1->2,BRISK,4518,6649,2686,0.960536113179449,0.7710349962769918,0.960536113179449,2.5490222,0.40520668029785156
v_strand,1->2,LATCH,4923,6871,2893,0.9664707915658486,0.8994123746975458,0.9664707915658486,1.008164,1.10135817527771
v_strand,1->3,SIFT,5112,3892,1783,0.6876051598429613,0.19293325855300056,0.6876051598429613,19.453901,0.5442323684692383
v_strand,1->3,ORB,500,500,187,0.732620320855615,0.12299465240641712,0.732620320855615,5.2835627,0.04617643356323242
v_strand,1->3,BRISK,4518,3692,1424,0.6945224719101124,0.13834269662921347,0.6945224719101124,5.9879537,0.309567928314209
v_strand,1->3,LATCH,4923,3779,701,0.7589158345221113,0.15263908701854492,0.7589158345221113,7.718318,0.9127085208892822
v_strand,1->4,SIFT,5112,3357,1301,0.7202152190622598,0.12144504227517294,0.7202152190622598,25.826572,0.5177671909332275
v_strand,1->4,ORB,500,500,157,0.8853503184713376,0.11464968152866242,0.8853503184713376,4.8767476,0.04245615005493164
v_strand,1->4,BRISK,4518,3500,1021,0.8001958863858962,0.14985308521057786,0.8001958863858962,8.667621,0.29308223724365234
v_strand,1->4,LATCH,4923,3272,511,0.8297455968688845,0.13894324853228962,0.8297455968688845,10.637514,0.9451639652252197
v_strand,1->5,SIFT,5112,2975,1275,0.6580392156862745,0.08627450980392157,0.6580392156862745,30.849627,0.4984776973724365
v_strand,1->5,ORB,500,500,120,0.9083333333333333,0.18333333333333332,0.9083333333333333,4.3251877,0.043433189392089844
v_strand,1->5,BRISK,4518,2910,952,0.8046218487394958,0.13760504201680673,0.8046218487394958,6.0447335,0.2714426517486572
v_strand,1->5,LATCH,4923,2928,564,0.7092198581560284,0.12056737588652482,0.7092198581560284,17.241245,0.8175382614135742
v_strand,1->6,SIFT,5112,3094,755,0.5470198675496689,0.10596026490066225,0.5470198675496689,37.767582,0.5278975963592529
v_strand,1->6,ORB,500,500,53,0.8867924528301887,0.24528301886792453,0.8867924528301887,2.1648016,0.04123806953430176
v_strand,1->6,BRISK,4518,3061,441,0.6326530612244898,0.11791383219954649,0.6326530612244898,19.126087,0.3032991886138916
v_strand,1->6,LATCH,4923,3033,160,0.4625,0.1,0.4625,19.131557,0.9499602317810059
v_sunseason,1->2,SIFT,15688,15638,8104,0.7959032576505429,0.7736920039486673,0.7959032576505429,105.240715,1.5304312705993652
v_sunseason,1->2,ORB,500,500,268,0.8805970149253731,0.5186567164179104,0.8805970149253731,40.87709,0.08400845527648926
v_sunseason,1->2,BRISK,25385,24747,11759,0.8337443660175184,0.7090739008419084,0.8337443660175184,76.45044,1.9958748817443848
v_sunseason,1->2,LATCH,14429,14491,6744,0.8818208778173191,0.8346678529062871,0.8818208778173191,52.30417,1.8330435752868652
v_sunseason,1->3,SIFT,15688,15519,5066,0.6683774180813264,0.6138965653375444,0.6683774180813264,166.22176,1.307403326034546
v_sunseason,1->3,ORB,500,500,200,0.875,0.465,0.875,35.86928,0.07837772369384766
v_sunseason,1->3,BRISK,25385,25412,7247,0.7291292948806403,0.5639574996550296,0.7291292948806403,127.45134,4.000471115112305
v_sunseason,1->3,LATCH,14429,14250,1926,0.7720664589823468,0.6697819314641744,0.7720664589823468,109.59646,1.8897690773010254
v_sunseason,1->4,SIFT,15688,17669,2420,0.46239669421487606,0.2785123966942149,0.46239669421487606,249.87918,1.5145118236541748
v_sunseason,1->4,ORB,500,500,100,0.83,0.32,0.83,52.324467,0.08148550987243652
v_sunseason,1->4,BRISK,25385,27491,2667,0.5583052118485189,0.291713535808024,0.5583052118485189,194.57863,2.1643450260162354
v_sunseason,1->4,LATCH,14429,16536,554,0.3989169675090253,0.22382671480144403,0.3989169675090253,274.21735,1.8800508975982666
v_sunseason,1->5,SIFT,15688,16261,1772,0.2895033860045147,0.11851015801354402,0.2895033860045147,372.8505,1.445392370223999
v_sunseason,1->5,ORB,500,500,28,0.7142857142857143,0.14285714285714285,0.7142857142857143,93.938286,0.07749390602111816
v_sunseason,1->5,BRISK,25385,25906,1486,0.4044414535666218,0.15275908479138628,0.4044414535666218,301.64023,2.1012279987335205
v_sunseason,1->5,LATCH,14429,15123,234,0.3162393162393162,0.12393162393162394,0.3162393162393162,288.46216,1.8191561698913574
v_sunseason,1->6,SIFT,15688,15947,1105,0.25520361990950224,0.03529411764705882,0.25520361990950224,410.27902,1.3255598545074463
v_sunseason,1->6,ORB,500,500,9,0.7777777777777778,0.2222222222222222,0.7777777777777778,141.48027,0.07676458358764648
v_sunseason,1->6,BRISK,25385,23876,693,0.27994227994227994,0.07503607503607504,0.27994227994227994,356.23697,1.922950267791748
v_sunseason,1->6,LATCH,14429,14708,125,0.24,0.08,0.24,325.9431,1.6643006801605225
v_tabletop,1->2,SIFT,10088,9087,2304,0.9227430555555556,0.3888888888888889,0.9227430555555556,33.97246,0.7190477848052979
v_tabletop,1->2,ORB,500,500,98,0.826530612244898,0.24489795918367346,0.826530612244898,110.985535,0.06101274490356445
v_tabletop,1->2,BRISK,16760,16969,2387,0.9338081273565144,0.3715961457896942,0.9338081273565144,12.917214,1.038705825805664
v_tabletop,1->2,LATCH,9368,8370,658,0.9270516717325228,0.38753799392097266,0.9270516717325228,7.655747,1.2844057083129883
v_tabletop,1->3,SIFT,10088,10049,227,0.4581497797356828,0.13656387665198239,0.4581497797356828,225.79137,0.7292335033416748
v_tabletop,1->3,ORB,500,500,15,0.0,0.0,0.0,502.5291,0.06359195709228516
v_tabletop,1->3,BRISK,16760,14669,125,0.448,0.136,0.448,217.33087,1.179842233657837
v_tabletop,1->3,LATCH,9368,9525,18,0.16666666666666666,0.0,0.16666666666666666,362.60464,1.4364120960235596
v_tabletop,1->4,SIFT,10088,9041,204,0.2549019607843137,0.11764705882352941,0.2549019607843137,344.36884,0.7797656059265137
v_tabletop,1->4,ORB,500,500,23,0.08695652173913043,0.043478260869565216,0.08695652173913043,425.84427,0.06127142906188965
v_tabletop,1->4,BRISK,16760,13056,103,0.30097087378640774,0.0970873786407767,0.30097087378640774,291.83563,1.086021900177002
v_tabletop,1->4,LATCH,9368,8481,13,0.23076923076923078,0.07692307692307693,0.23076923076923078,349.30774,1.2005999088287354
v_tabletop,1->5,SIFT,10088,8347,188,0.2393617021276596,0.11170212765957446,0.2393617021276596,331.69138,0.6181056499481201
v_tabletop,1->5,ORB,500,500,18,0.1111111111111111,0.0,0.1111111111111111,363.38196,0.0634911060333252
v_tabletop,1->5,BRISK,16760,11929,116,0.23275862068965517,0.07758620689655173,0.23275862068965517,269.40527,2.803180456161499
v_tabletop,1->5,LATCH,9368,7883,28,0.10714285714285714,0.07142857142857142,0.10714285714285714,228.54094,1.311004638671875
v_tabletop,1->6,SIFT,10088,9481,205,0.3121951219512195,0.13170731707317074,0.3121951219512195,328.9569,0.7614459991455078
v_tabletop,1->6,ORB,500,500,19,0.10526315789473684,0.05263157894736842,0.10526315789473684,402.41608,0.06447649002075195
v_tabletop,1->6,BRISK,16760,16146,97,0.32989690721649484,0.12371134020618557,0.32989690721649484,209.97008,1.2662763595581055
v_tabletop,1->6,LATCH,9368,8879,18,0.16666666666666666,0.05555555555555555,0.16666666666666666,414.9967,1.4003641605377197
v_talent,1->2,SIFT,8232,5716,1449,0.7950310559006211,0.5521048999309869,0.7950310559006211,71.06269,0.9485938549041748
v_talent,1->2,ORB,500,500,51,0.6666666666666666,0.2549019607843137,0.6666666666666666,73.95233,0.05705857276916504
v_talent,1->2,BRISK,8816,10187,1272,0.8836477987421384,0.4261006289308176,0.8836477987421384,25.276691,0.6449816226959229
v_talent,1->2,LATCH,7761,5221,17,0.0,0.0,0.0,458.7779,1.2464029788970947
v_talent,1->3,SIFT,8232,6092,1384,0.7276011560693642,0.5158959537572254,0.7276011560693642,82.75244,0.7086982727050781
v_talent,1->3,ORB,500,500,29,0.4482758620689655,0.27586206896551724,0.4482758620689655,134.36842,0.059325218200683594
v_talent,1->3,BRISK,8816,10325,1019,0.8125613346418057,0.38763493621197254,0.8125613346418057,40.950905,0.6655776500701904
v_talent,1->3,LATCH,7761,5670,51,0.45098039215686275,0.3137254901960784,0.45098039215686275,196.66722,1.4454388618469238
v_talent,1->4,SIFT,8232,6783,867,0.6978085351787774,0.4417531718569781,0.6978085351787774,107.21423,0.9121291637420654
v_talent,1->4,ORB,500,500,87,0.7126436781609196,0.20689655172413793,0.7126436781609196,108.459984,0.06294751167297363
v_talent,1->4,BRISK,8816,11167,644,0.7670807453416149,0.35093167701863354,0.7670807453416149,63.693977,0.7561755180358887
v_talent,1->4,LATCH,7761,6213,23,0.391304347826087,0.30434782608695654,0.391304347826087,245.0727,1.4156317710876465
v_talent,1->5,SIFT,8232,5145,329,0.3343465045592705,0.0972644376899696,0.3343465045592705,235.44266,0.8380317687988281
v_talent,1->5,ORB,500,500,39,0.23076923076923078,0.02564102564102564,0.23076923076923078,243.13805,0.06156492233276367
v_talent,1->5,BRISK,8816,9711,185,0.4702702702702703,0.12432432432432433,0.4702702702702703,133.4166,0.6930117607116699
v_talent,1->5,LATCH,7761,4723,59,0.5084745762711864,0.1016949152542373,0.5084745762711864,119.72791,1.439347267150879
v_talent,1->6,SIFT,8232,5811,989,0.6258847320525783,0.40040444893832156,0.6258847320525783,124.97688,1.0230293273925781
v_talent,1->6,ORB,500,500,10,0.4,0.1,0.4,106.0811,0.06317472457885742
v_talent,1->6,BRISK,8816,10656,779,0.7946084724005135,0.4595635430038511,0.7946084724005135,47.664192,0.7038671970367432
v_talent,1->6,LATCH,7761,5471,348,0.8132183908045977,0.5287356321839081,0.8132183908045977,26.269747,1.4393389225006104
v_tempera,1->2,SIFT,2456,1601,841,0.925089179548157,0.8846611177170036,0.925089179548157,11.286596,0.40082550048828125
v_tempera,1->2,ORB,500,500,146,0.9452054794520548,0.6301369863013698,0.9452054794520548,3.607728,0.03223085403442383
v_tempera,1->2,BRISK,3008,2057,637,0.9419152276295133,0.6075353218210361,0.9419152276295133,10.303701,0.23894786834716797
v_tempera,1->2,LATCH,2396,1580,90,0.6888888888888889,0.5777777777777777,0.6888888888888889,17.661308,0.7122137546539307
v_tempera,1->3,SIFT,2456,1615,601,0.8851913477537438,0.7237936772046589,0.8851913477537438,28.652145,0.41592836380004883
v_tempera,1->3,ORB,500,500,135,0.8962962962962963,0.5185185185185185,0.8962962962962963,7.6990857,0.033095359802246094
v_tempera,1->3,BRISK,3008,1892,521,0.9213051823416507,0.6391554702495201,0.9213051823416507,8.8443985,0.23080658912658691
v_tempera,1->3,LATCH,2396,1579,272,0.8897058823529411,0.7058823529411765,0.8897058823529411,11.903869,0.6009101867675781
v_tempera,1->4,SIFT,2456,1666,713,0.9074333800841514,0.8092566619915849,0.9074333800841514,17.85703,0.40370726585388184
v_tempera,1->4,ORB,500,500,75,0.8266666666666667,0.44,0.8266666666666667,21.942202,0.03455853462219238
v_tempera,1->4,BRISK,3008,2386,673,0.9554234769687965,0.674591381872214,0.9554234769687965,4.2521787,0.23449134826660156
v_tempera,1->4,LATCH,2396,1649,202,0.8465346534653465,0.693069306930693,0.8465346534653465,6.5628734,0.6121022701263428
v_tempera,1->5,SIFT,2456,1818,393,0.8905852417302799,0.6870229007633588,0.8905852417302799,24.302464,0.37782907485961914
v_tempera,1->5,ORB,500,500,18,0.4444444444444444,0.1111111111111111,0.4444444444444444,51.468914,0.031647682189941406
v_tempera,1->5,BRISK,3008,2521,359,0.9220055710306406,0.6824512534818942,0.9220055710306406,7.735803,0.22311139106750488
v_tempera,1->5,LATCH,2396,1768,160,0.825,0.5875,0.825,8.638666,0.5911610126495361
v_tempera,1->6,SIFT,2456,1038,69,0.43478260869565216,0.17391304347826086,0.43478260869565216,191.2044,0.3860323429107666
v_tempera,1->6,ORB,500,500,15,0.3333333333333333,0.06666666666666667,0.3333333333333333,89.352196,0.030587434768676758
v_tempera,1->6,BRISK,3008,1053,26,0.34615384615384615,0.19230769230769232,0.34615384615384615,132.48708,0.18816304206848145
v_tempera,1->6,LATCH,2396,985,22,0.5,0.3181818181818182,0.5,133.84196,0.5707557201385498
v_there,1->2,SIFT,634,621,210,0.7476190476190476,0.46190476190476193,0.7476190476190476,22.903992,2.5732717514038086
v_there,1->2,ORB,500,500,89,0.898876404494382,0.39325842696629215,0.898876404494382,5.262505,0.02690577507019043
v_there,1->2,BRISK,285,293,95,0.8105263157894737,0.3368421052631579,0.8105263157894737,31.79407,0.05690121650695801
v_there,1->2,LATCH,596,571,95,0.8631578947368421,0.6210526315789474,0.8631578947368421,12.721258,0.5533742904663086
v_there,1->3,SIFT,634,2232,25,0.12,0.0,0.12,361.57993,0.7145040035247803
v_there,1->3,ORB,500,500,21,0.42857142857142855,0.14285714285714285,0.42857142857142855,266.03897,0.0484311580657959
v_there,1->3,BRISK,285,1378,6,0.6666666666666666,0.0,0.6666666666666666,57.074673,0.1655292510986328
v_there,1->3,LATCH,596,2019,5,0.0,0.0,0.0,426.4981,0.8005533218383789
v_there,1->4,SIFT,634,2664,18,0.1111111111111111,0.05555555555555555,0.1111111111111111,392.46198,0.723048210144043
v_there,1->4,ORB,500,500,2,0.0,0.0,0.0,613.0111,0.04681062698364258
v_there,1->4,BRISK,285,1967,1,1.0,0.0,1.0,1.1652566,0.16820669174194336
v_there,1->4,LATCH,596,2533,6,0.0,0.0,0.0,531.69775,0.8303966522216797
v_there,1->5,SIFT,634,2809,14,0.07142857142857142,0.07142857142857142,0.07142857142857142,417.31216,0.7033717632293701
v_there,1->5,ORB,500,500,7,0.14285714285714285,0.0,0.14285714285714285,505.5742,0.04592752456665039
v_there,1->5,BRISK,285,2252,5,0.0,0.0,0.0,341.2937,0.17853689193725586
v_there,1->5,LATCH,596,2709,1,0.0,0.0,0.0,441.2198,0.787498950958252
v_there,1->6,SIFT,634,2871,15,0.0,0.0,0.0,528.5618,0.7191736698150635
v_there,1->6,ORB,500,500,10,0.0,0.0,0.0,781.7294,0.042612552642822266
v_there,1->6,BRISK,285,2275,4,0.0,0.0,0.0,566.94165,0.16809368133544922
v_there,1->6,LATCH,596,2746,2,0.0,0.0,0.0,477.47662,0.7950875759124756
v_underground,1->2,SIFT,3888,3743,1584,0.9103535353535354,0.8099747474747475,0.9103535353535354,27.717102,0.6829037666320801
v_underground,1->2,ORB,500,500,150,0.92,0.5733333333333334,0.92,9.896709,0.0664529800415039
v_underground,1->2,BRISK,5317,4732,1750,0.8365714285714285,0.4685714285714286,0.8365714285714285,16.267948,0.39551281929016113
v_underground,1->2,LATCH,3632,3562,1173,0.9428815004262575,0.8294970161977835,0.9428815004262575,11.278219,1.0510270595550537
v_underground,1->3,SIFT,3888,2672,777,0.7232947232947233,0.45817245817245816,0.7232947232947233,95.92019,0.6619513034820557
v_underground,1->3,ORB,500,500,49,0.7142857142857143,0.32653061224489793,0.7142857142857143,65.954666,0.06385636329650879
v_underground,1->3,BRISK,5317,3540,740,0.7094594594594594,0.3081081081081081,0.7094594594594594,48.18974,0.37772345542907715
v_underground,1->3,LATCH,3632,2566,203,0.6699507389162561,0.43842364532019706,0.6699507389162561,94.79705,0.861790657043457
v_underground,1->4,SIFT,3888,2058,440,0.6295454545454545,0.35909090909090907,0.6295454545454545,142.81248,0.49072694778442383
v_underground,1->4,ORB,500,500,14,0.42857142857142855,0.35714285714285715,0.42857142857142855,165.45274,0.04561781883239746
v_underground,1->4,BRISK,5317,2562,324,0.5555555555555556,0.24691358024691357,0.5555555555555556,85.07422,0.2628498077392578
v_underground,1->4,LATCH,3632,1931,69,0.34782608695652173,0.14492753623188406,0.34782608695652173,344.1628,0.7011468410491943
v_underground,1->5,SIFT,3888,1775,294,0.3707482993197279,0.17346938775510204,0.3707482993197279,343.18097,0.5275366306304932
v_underground,1->5,ORB,500,500,10,0.1,0.1,0.1,233.43562,0.045615434646606445
v_underground,1->5,BRISK,5317,1824,155,0.4064516129032258,0.11612903225806452,0.4064516129032258,186.38298,0.24634718894958496
v_underground,1->5,LATCH,3632,1638,40,0.1,0.025,0.1,369.61566,0.6874148845672607
v_underground,1->6,SIFT,3888,1371,217,0.08755760368663594,0.02304147465437788,0.08755760368663594,470.24966,0.5171725749969482
v_underground,1->6,ORB,500,500,12,0.0,0.0,0.0,375.29422,0.04254150390625
v_underground,1->6,BRISK,5317,1542,36,0.1111111111111111,0.0,0.1111111111111111,402.01312,0.2304987907409668
v_underground,1->6,LATCH,3632,1307,26,0.038461538461538464,0.0,0.038461538461538464,502.91174,0.6680130958557129
v_vitro,1->2,SIFT,7264,6937,3442,0.9247530505520046,0.8329459616502034,0.9247530505520046,21.691246,0.5071423053741455
v_vitro,1->2,ORB,500,500,106,0.7547169811320755,0.46226415094339623,0.7547169811320755,73.54846,0.05249905586242676
v_vitro,1->2,BRISK,21191,19458,5864,0.942019099590723,0.6313096862210096,0.942019099590723,12.254258,1.453127145767212
v_vitro,1->2,LATCH,6889,6682,1795,0.9571030640668524,0.8378830083565459,0.9571030640668524,9.218018,0.9206373691558838
v_vitro,1->3,SIFT,7264,6561,2012,0.8817097415506958,0.5357852882703777,0.8817097415506958,39.402454,0.5817339420318604
v_vitro,1->3,ORB,500,500,56,0.6964285714285714,0.25,0.6964285714285714,99.25542,0.06618809700012207
v_vitro,1->3,BRISK,21191,17677,2967,0.9005729693292889,0.44118638355240986,0.9005729693292889,19.855448,1.6108756065368652
v_vitro,1->3,LATCH,6889,6214,574,0.9181184668989547,0.4547038327526132,0.9181184668989547,25.291906,0.8225278854370117
v_vitro,1->4,SIFT,7264,5545,953,0.7408184679958028,0.36096537250786986,0.7408184679958028,87.603134,0.4808781147003174
v_vitro,1->4,ORB,500,500,33,0.21212121212121213,0.12121212121212122,0.21212121212121213,247.7604,0.04870486259460449
v_vitro,1->4,BRISK,21191,15409,1140,0.7885964912280702,0.34385964912280703,0.7885964912280702,61.839657,1.2383496761322021
v_vitro,1->4,LATCH,6889,5302,156,0.8012820512820513,0.30128205128205127,0.8012820512820513,80.00572,0.8801026344299316
v_vitro,1->5,SIFT,7264,7109,2783,0.8918433345310816,0.6654689184333453,0.8918433345310816,39.427864,2.5982463359832764
v_vitro,1->5,ORB,500,500,104,0.6346153846153846,0.36538461538461536,0.6346153846153846,114.130974,0.0707404613494873
v_vitro,1->5,BRISK,21191,18512,4206,0.9101283880171184,0.510223490252021,0.9101283880171184,16.956684,1.7666594982147217
v_vitro,1->5,LATCH,6889,6895,997,0.9157472417251755,0.6850551654964895,0.9157472417251755,22.593687,0.8894426822662354
v_vitro,1->6,SIFT,7264,6310,1279,0.8100078186082877,0.4222048475371384,0.8100078186082877,68.89039,0.4916057586669922
v_vitro,1->6,ORB,500,500,52,0.5769230769230769,0.23076923076923078,0.5769230769230769,138.84586,0.05166149139404297
v_vitro,1->6,BRISK,21191,15008,1613,0.8164910105393677,0.33353998760074394,0.8164910105393677,44.46506,1.1801049709320068
v_vitro,1->6,LATCH,6889,6045,128,0.734375,0.34375,0.734375,88.009,0.9339947700500488
v_wall,1->2,SIFT,1689,1248,615,0.9772357723577236,0.5902439024390244,0.9772357723577236,1.9427024,0.259807825088501
v_wall,1->2,ORB,500,500,202,0.8910891089108911,0.33663366336633666,0.8910891089108911,5.0629363,0.021624326705932617
v_wall,1->2,BRISK,1480,737,349,0.9455587392550143,0.4498567335243553,0.9455587392550143,7.6729145,0.09634208679199219
v_wall,1->2,LATCH,1584,1127,441,0.9591836734693877,0.5986394557823129,0.9591836734693877,1.0853099,0.33377599716186523
v_wall,1->3,SIFT,1689,1398,484,0.8553719008264463,0.359504132231405,0.8553719008264463,9.487391,0.2409954071044922
v_wall,1->3,ORB,500,500,141,0.75177304964539,0.3191489361702128,0.75177304964539,2.0278215,0.021733760833740234
v_wall,1->3,BRISK,1480,875,258,0.7751937984496124,0.3062015503875969,0.7751937984496124,5.7737613,0.10432910919189453
v_wall,1->3,LATCH,1584,1267,252,0.8650793650793651,0.4007936507936508,0.8650793650793651,6.7184944,0.3376922607421875
v_wall,1->4,SIFT,1689,1543,880,0.9715909090909091,0.8090909090909091,0.9715909090909091,4.9402833,0.19730710983276367
v_wall,1->4,ORB,500,500,233,0.9570815450643777,0.5407725321888412,0.9570815450643777,1.9775741,0.015964984893798828
v_wall,1->4,BRISK,1480,1279,559,0.9838998211091234,0.7155635062611807,0.9838998211091234,2.1654842,0.08138370513916016
v_wall,1->4,LATCH,1584,1401,620,0.9758064516129032,0.7935483870967742,0.9758064516129032,0.71884686,0.272655725479126
v_wall,1->5,SIFT,1689,1738,383,0.8798955613577023,0.48825065274151436,0.8798955613577023,7.9133067,0.1972370147705078
v_wall,1->5,ORB,500,500,46,0.8043478260869565,0.30434782608695654,0.8043478260869565,7.5780473,0.016324281692504883
v_wall,1->5,BRISK,1480,1051,174,0.8505747126436781,0.367816091954023,0.8505747126436781,12.156958,0.07968592643737793
v_wall,1->5,LATCH,1584,1626,79,0.8227848101265823,0.4936708860759494,0.8227848101265823,1.6559232,0.2822091579437256
v_wall,1->6,SIFT,1689,1549,386,0.727979274611399,0.3704663212435233,0.727979274611399,7.721575,0.19217586517333984
v_wall,1->6,ORB,500,500,101,0.6435643564356436,0.26732673267326734,0.6435643564356436,4.446364,0.016312122344970703
v_wall,1->6,BRISK,1480,1078,203,0.6699507389162561,0.3054187192118227,0.6699507389162561,10.118622,0.08779311180114746
v_wall,1->6,LATCH,1584,1381,132,0.7575757575757576,0.4318181818181818,0.7575757575757576,5.6276913,0.2664759159088135
v_wapping,1->2,SIFT,8918,8716,973,0.9126413155190134,0.7081192189105858,0.9126413155190134,13.607305,0.6532645225524902
v_wapping,1->2,ORB,500,500,69,0.8405797101449275,0.34782608695652173,0.8405797101449275,17.374752,0.07468509674072266
v_wapping,1->2,BRISK,68859,33238,3504,0.7408675799086758,0.3889840182648402,0.7408675799086758,46.212257,5.680741310119629
v_wapping,1->2,LATCH,7944,8013,223,0.8565022421524664,0.5515695067264574,0.8565022421524664,14.348463,1.476778507232666
v_wapping,1->3,SIFT,8918,15056,505,0.8376237623762376,0.44356435643564357,0.8376237623762376,50.836548,0.9922115802764893
v_wapping,1->3,ORB,500,500,15,0.7333333333333333,0.3333333333333333,0.7333333333333333,37.818516,0.1162271499633789
v_wapping,1->3,BRISK,68859,67232,1316,0.5220364741641338,0.23632218844984804,0.5220364741641338,140.56827,16.206688165664673
v_wapping,1->3,LATCH,7944,13435,44,0.8863636363636364,0.7045454545454546,0.8863636363636364,10.581931,1.7868359088897705
v_wapping,1->4,SIFT,8918,15375,674,0.8753709198813057,0.3798219584569733,0.8753709198813057,31.865206,0.9250524044036865
v_wapping,1->4,ORB,500,500,13,0.7692307692307693,0.23076923076923078,0.7692307692307693,21.16396,0.0987861156463623
v_wapping,1->4,BRISK,68859,41895,1060,0.4509433962264151,0.12830188679245283,0.4509433962264151,116.4585,9.86159086227417
v_wapping,1->4,LATCH,7944,13639,13,0.46153846153846156,0.15384615384615385,0.46153846153846156,98.70348,1.6951813697814941
v_wapping,1->5,SIFT,8918,11485,269,0.6022304832713755,0.241635687732342,0.6022304832713755,163.47577,0.8091819286346436
v_wapping,1->5,ORB,500,500,6,0.6666666666666666,0.3333333333333333,0.6666666666666666,115.22556,0.10163116455078125
v_wapping,1->5,BRISK,68859,57774,763,0.30144167758846657,0.09305373525557012,0.30144167758846657,268.78833,15.530575275421143
v_wapping,1->5,LATCH,7944,10893,21,0.5238095238095238,0.09523809523809523,0.5238095238095238,225.39928,1.6680302619934082
v_wapping,1->6,SIFT,8918,6866,93,0.24731182795698925,0.053763440860215055,0.24731182795698925,229.60751,0.6841022968292236
v_wapping,1->6,ORB,500,500,5,0.6,0.2,0.6,209.34818,0.09617495536804199
v_wapping,1->6,BRISK,68859,37878,465,0.06881720430107527,0.023655913978494623,0.06881720430107527,339.3605,8.21315622329712
v_wapping,1->6,LATCH,7944,6462,9,0.3333333333333333,0.0,0.3333333333333333,216.77806,1.2860643863677979
v_war,1->2,SIFT,5320,4658,701,0.5121255349500713,0.12696148359486448,0.5121255349500713,77.42589,0.44461917877197266
v_war,1->2,ORB,500,500,58,0.6379310344827587,0.10344827586206896,0.6379310344827587,66.00265,0.04366564750671387
v_war,1->2,BRISK,7625,5358,543,0.6040515653775322,0.1252302025782689,0.6040515653775322,22.112461,0.47522783279418945
v_war,1->2,LATCH,5110,4396,131,0.5572519083969466,0.11450381679389313,0.5572519083969466,24.32384,0.8407309055328369
v_war,1->3,SIFT,5320,3570,288,0.3784722222222222,0.08680555555555555,0.3784722222222222,173.81984,0.4755387306213379
v_war,1->3,ORB,500,500,20,0.4,0.05,0.4,38.261436,0.04147982597351074
v_war,1->3,BRISK,7625,4450,149,0.48322147651006714,0.12080536912751678,0.48322147651006714,91.73195,0.43749475479125977
v_war,1->3,LATCH,5110,3407,21,0.5714285714285714,0.14285714285714285,0.5714285714285714,97.92831,0.801048755645752
v_war,1->4,SIFT,5320,4568,2064,0.9268410852713178,0.4796511627906977,0.9268410852713178,20.255398,0.4051551818847656
v_war,1->4,ORB,500,500,243,0.9629629629629629,0.36213991769547327,0.9629629629629629,2.734567,0.03476285934448242
v_war,1->4,BRISK,7625,6508,2218,0.9098286744815148,0.3309287646528404,0.9098286744815148,5.118838,0.4203488826751709
v_war,1->4,LATCH,5110,4554,732,0.9207650273224044,0.4371584699453552,0.9207650273224044,3.5014396,0.8002383708953857
v_war,1->5,SIFT,5320,4046,1411,0.7909284195605953,0.20198440822111977,0.7909284195605953,43.406006,0.46239542961120605
v_war,1->5,ORB,500,500,108,0.7592592592592593,0.12962962962962962,0.7592592592592593,9.661469,0.04551506042480469
v_war,1->5,BRISK,7625,6220,1357,0.812822402358143,0.21739130434782608,0.812822402358143,8.7761135,0.4880943298339844
v_war,1->5,LATCH,5110,3970,547,0.8793418647166362,0.2797074954296161,0.8793418647166362,4.3902392,0.8356704711914062
v_war,1->6,SIFT,5320,2756,228,0.20175438596491227,0.03508771929824561,0.20175438596491227,195.57683,0.45343899726867676
v_war,1->6,ORB,500,500,9,0.5555555555555556,0.0,0.5555555555555556,127.50007,0.04234814643859863
v_war,1->6,BRISK,7625,4163,92,0.34782608695652173,0.09782608695652174,0.34782608695652173,106.00317,0.4560840129852295
v_war,1->6,LATCH,5110,2679,26,0.5,0.038461538461538464,0.5,54.82725,0.5998914241790771
v_weapons,1->2,SIFT,4356,4116,2072,0.9454633204633205,0.7683397683397684,0.9454633204633205,8.537422,0.47932934761047363
v_weapons,1->2,ORB,500,500,97,0.4742268041237113,0.1958762886597938,0.4742268041237113,67.501724,0.03503012657165527
v_weapons,1->2,BRISK,4514,4647,1964,0.9287169042769857,0.609979633401222,0.9287169042769857,4.294836,0.2964296340942383
v_weapons,1->2,LATCH,4138,4071,1580,0.9227848101265823,0.7367088607594937,0.9227848101265823,4.3394375,0.7462830543518066
v_weapons,1->3,SIFT,4356,3781,841,0.8834720570749108,0.6516052318668252,0.8834720570749108,19.348299,0.45319318771362305
v_weapons,1->3,ORB,500,500,13,0.3076923076923077,0.15384615384615385,0.3076923076923077,168.43774,0.03487348556518555
v_weapons,1->3,BRISK,4514,4282,559,0.8944543828264758,0.49016100178890876,0.8944543828264758,7.1313066,0.25738978385925293
v_weapons,1->3,LATCH,4138,3695,177,0.8135593220338984,0.5141242937853108,0.8135593220338984,19.522886,0.7063314914703369
v_weapons,1->4,SIFT,4356,4281,1763,0.9506522972206466,0.761769710720363,0.9506522972206466,11.477761,0.46667051315307617
v_weapons,1->4,ORB,500,500,3,0.0,0.0,0.0,652.5894,0.03830718994140625
v_weapons,1->4,BRISK,4514,5892,1295,0.8756756756756757,0.36833976833976834,0.8756756756756757,6.900332,0.2884640693664551
v_weapons,1->4,LATCH,4138,4201,147,0.8299319727891157,0.5714285714285714,0.8299319727891157,30.162601,0.7128255367279053
v_weapons,1->5,SIFT,4356,3884,1279,0.9272869429241595,0.7349491790461298,0.9272869429241595,11.490524,0.4570045471191406
v_weapons,1->5,ORB,500,500,37,0.35135135135135137,0.1891891891891892,0.35135135135135137,50.277794,0.03592729568481445
v_weapons,1->5,BRISK,4514,3443,1025,0.9307317073170732,0.6019512195121951,0.9307317073170732,3.596862,0.26071667671203613
v_weapons,1->5,LATCH,4138,3720,544,0.8988970588235294,0.6544117647058824,0.8988970588235294,8.2442255,0.723435640335083
v_weapons,1->6,SIFT,4356,3498,825,0.8909090909090909,0.6654545454545454,0.8909090909090909,17.98532,0.4667179584503174
v_weapons,1->6,ORB,500,500,17,0.35294117647058826,0.11764705882352941,0.35294117647058826,62.811436,0.03494691848754883
v_weapons,1->6,BRISK,4514,3204,611,0.9148936170212766,0.5761047463175123,0.9148936170212766,5.389773,0.2380824089050293
v_weapons,1->6,LATCH,4138,3279,219,0.8538812785388128,0.5296803652968036,0.8538812785388128,18.86549,0.708836555480957
v_woman,1->2,SIFT,1856,7751,513,0.9376218323586745,0.8440545808966862,0.9376218323586745,17.690195,0.34859752655029297
v_woman,1->2,ORB,500,500,37,0.9459459459459459,0.5675675675675675,0.9459459459459459,1.1457617,0.034807682037353516
v_woman,1->2,BRISK,2333,8371,390,0.9333333333333333,0.5435897435897435,0.9333333333333333,4.1092615,0.29796457290649414
v_woman,1->2,LATCH,1588,7045,62,0.9838709677419355,0.9032258064516129,0.9838709677419355,4.9259458,0.6351907253265381
v_woman,1->3,SIFT,1856,4960,468,0.9188034188034188,0.6260683760683761,0.9188034188034188,13.6100445,0.3201014995574951
v_woman,1->3,ORB,500,500,83,0.8313253012048193,0.3855421686746988,0.8313253012048193,10.378298,0.029572486877441406
v_woman,1->3,BRISK,2333,4631,329,0.9027355623100304,0.3951367781155015,0.9027355623100304,17.111689,0.21831059455871582
v_woman,1->3,LATCH,1588,4040,202,0.9257425742574258,0.6237623762376238,0.9257425742574258,2.2826483,0.5145988464355469
v_woman,1->4,SIFT,1856,4874,282,0.8546099290780141,0.4787234042553192,0.8546099290780141,37.94962,0.3459489345550537
v_woman,1->4,ORB,500,500,51,0.7058823529411765,0.17647058823529413,0.7058823529411765,41.38827,0.029065370559692383
v_woman,1->4,BRISK,2333,6173,216,0.8518518518518519,0.2638888888888889,0.8518518518518519,9.697864,0.2546260356903076
v_woman,1->4,LATCH,1588,4003,110,0.8181818181818182,0.42727272727272725,0.8181818181818182,5.173571,0.4963979721069336
v_woman,1->5,SIFT,1856,7964,237,0.8987341772151899,0.7130801687763713,0.8987341772151899,20.975803,0.38486409187316895
v_woman,1->5,ORB,500,500,21,0.8095238095238095,0.42857142857142855,0.8095238095238095,69.53933,0.030750274658203125
v_woman,1->5,BRISK,2333,8847,158,0.9430379746835443,0.5063291139240507,0.9430379746835443,6.953091,0.30675339698791504
v_woman,1->5,LATCH,1588,7184,91,0.9120879120879121,0.7692307692307693,0.9120879120879121,19.551908,0.6192965507507324
v_woman,1->6,SIFT,1856,3000,117,0.7008547008547008,0.358974358974359,0.7008547008547008,74.06384,0.31891822814941406
v_woman,1->6,ORB,500,500,4,0.5,0.25,0.5,292.45007,0.025557994842529297
v_woman,1->6,BRISK,2333,3213,71,0.7887323943661971,0.36619718309859156,0.7887323943661971,60.36311,0.19544219970703125
v_woman,1->6,LATCH,1588,2589,28,0.7857142857142857,0.21428571428571427,0.7857142857142857,19.729769,0.4726083278656006
v_wormhole,1->2,SIFT,4855,5281,988,0.9180161943319838,0.49696356275303644,0.9180161943319838,14.395027,0.29352617263793945
v_wormhole,1->2,ORB,500,500,90,0.9333333333333333,0.3333333333333333,0.9333333333333333,1.5352254,0.02571249008178711
v_wormhole,1->2,BRISK,6249,6276,1045,0.9234449760765551,0.36076555023923446,0.9234449760765551,4.9469123,0.328136682510376
v_wormhole,1->2,LATCH,4125,4721,353,0.9405099150141643,0.48158640226628896,0.9405099150141643,5.28111,0.5326452255249023
v_wormhole,1->3,SIFT,4855,4688,1511,0.9126406353408338,0.3388484447385837,0.9126406353408338,13.084963,0.27321290969848633
v_wormhole,1->3,ORB,500,500,112,0.8214285714285714,0.1875,0.8214285714285714,26.605272,0.024771451950073242
v_wormhole,1->3,BRISK,6249,4968,1474,0.8948439620081411,0.3012211668928087,0.8948439620081411,3.939997,0.28485798835754395
v_wormhole,1->3,LATCH,4125,3949,610,0.9163934426229509,0.32786885245901637,0.9163934426229509,3.307464,0.4702780246734619
v_wormhole,1->4,SIFT,4855,5338,2286,0.9654418197725284,0.4676290463692038,0.9654418197725284,6.4624805,0.2886531352996826
v_wormhole,1->4,ORB,500,500,171,0.9181286549707602,0.30409356725146197,0.9181286549707602,6.277704,0.02659130096435547
v_wormhole,1->4,BRISK,6249,7413,2166,0.9339796860572483,0.4048938134810711,0.9339796860572483,3.0670867,0.3446660041809082
v_wormhole,1->4,LATCH,4125,4677,961,0.9656607700312175,0.4162330905306972,0.9656607700312175,2.4237387,0.5022974014282227
v_wormhole,1->5,SIFT,4855,4399,706,0.8611898016997167,0.34560906515580736,0.8611898016997167,30.18335,0.2585439682006836
v_wormhole,1->5,ORB,500,500,52,0.6153846153846154,0.23076923076923078,0.6153846153846154,15.164887,0.025826215744018555
v_wormhole,1->5,BRISK,6249,5623,565,0.8654867256637168,0.31327433628318585,0.8654867256637168,6.872706,0.30602025985717773
v_wormhole,1->5,LATCH,4125,4012,52,0.75,0.34615384615384615,0.75,41.859173,0.47130584716796875
v_wormhole,1->6,SIFT,4855,3600,237,0.34177215189873417,0.0379746835443038,0.34177215189873417,66.485016,0.2433028221130371
v_wormhole,1->6,ORB,500,500,10,0.7,0.1,0.7,2.4233081,0.02368950843811035
v_wormhole,1->6,BRISK,6249,3594,91,0.43956043956043955,0.03296703296703297,0.43956043956043955,62.47208,0.25221872329711914
v_wormhole,1->6,LATCH,4125,3335,7,0.2857142857142857,0.0,0.2857142857142857,128.8236,0.4305288791656494
v_wounded,1->2,SIFT,4279,4687,1810,0.9546961325966851,0.8972375690607735,0.9546961325966851,9.40871,0.4465007781982422
v_wounded,1->2,ORB,500,500,59,0.8305084745762712,0.11864406779661017,0.8305084745762712,37.744698,0.03818106651306152
v_wounded,1->2,BRISK,7843,9552,1815,0.9101928374655648,0.6881542699724518,0.9101928374655648,9.639299,0.46042799949645996
v_wounded,1->2,LATCH,4223,4629,709,0.9478138222849083,0.8631875881523272,0.9478138222849083,2.1798403,0.732036828994751
v_wounded,1->3,SIFT,4279,3606,417,0.8609112709832134,0.5467625899280576,0.8609112709832134,34.405956,0.4698450565338135
v_wounded,1->3,ORB,500,500,25,0.56,0.16,0.56,106.96045,0.03524947166442871
v_wounded,1->3,BRISK,7843,3832,448,0.6785714285714286,0.35714285714285715,0.6785714285714286,79.70356,0.3175845146179199
v_wounded,1->3,LATCH,4223,3434,46,0.7608695652173914,0.34782608695652173,0.7608695652173914,21.436049,0.7090911865234375
v_wounded,1->4,SIFT,4279,566,36,0.0,0.0,0.0,249.27312,0.3935356140136719
v_wounded,1->4,ORB,500,500,1,0.0,0.0,0.0,840.6581,0.032041072845458984
v_wounded,1->4,BRISK,7843,429,47,0.0425531914893617,0.0,0.0425531914893617,586.7251,0.22852873802185059
v_wounded,1->4,LATCH,4223,552,17,0.11764705882352941,0.0,0.11764705882352941,214.90547,0.6140193939208984
v_wounded,1->5,SIFT,4279,1863,197,0.6040609137055838,0.27411167512690354,0.6040609137055838,94.43767,0.415189266204834
v_wounded,1->5,ORB,500,500,20,0.15,0.0,0.15,191.33543,0.033294677734375
v_wounded,1->5,BRISK,7843,1998,191,0.36649214659685864,0.17801047120418848,0.36649214659685864,115.31077,0.265139102935791
v_wounded,1->5,LATCH,4223,1795,35,0.5142857142857142,0.2571428571428571,0.5142857142857142,88.35315,0.6407842636108398
v_wounded,1->6,SIFT,4279,987,74,0.0945945945945946,0.05405405405405406,0.0945945945945946,268.7441,0.402132511138916
v_wounded,1->6,ORB,500,500,8,0.125,0.0,0.125,494.701,0.031016111373901367
v_wounded,1->6,BRISK,7843,820,76,0.14473684210526316,0.06578947368421052,0.14473684210526316,251.98332,0.23926520347595215
v_wounded,1->6,LATCH,4223,954,9,0.4444444444444444,0.1111111111111111,0.4444444444444444,161.66536,0.6477377414703369
v_yard,1->2,SIFT,9498,11691,2896,0.9533839779005525,0.5414364640883977,0.9533839779005525,9.084626,0.6921041011810303
v_yard,1->2,ORB,500,500,122,0.9262295081967213,0.4016393442622951,0.9262295081967213,25.075817,0.04527878761291504
v_yard,1->2,BRISK,8228,13000,2185,0.9546910755148741,0.49061784897025174,0.9546910755148741,4.48438,0.6118960380554199
v_yard,1->2,LATCH,8713,10393,1294,0.9289026275115919,0.47836166924265844,0.9289026275115919,2.4393587,1.0837886333465576
v_yard,1->3,SIFT,9498,10815,1188,0.7727272727272727,0.2196969696969697,0.7727272727272727,24.645077,0.6264641284942627
v_yard,1->3,ORB,500,500,55,0.8181818181818182,0.23636363636363636,0.8181818181818182,49.7974,0.04153585433959961
v_yard,1->3,BRISK,8228,8608,737,0.7340569877883311,0.20759837177747625,0.7340569877883311,23.275616,0.4817972183227539
v_yard,1->3,LATCH,8713,9838,19,0.5789473684210527,0.2631578947368421,0.5789473684210527,83.50893,1.0580072402954102
v_yard,1->4,SIFT,9498,10693,1904,0.9091386554621849,0.49737394957983194,0.9091386554621849,10.192874,0.6154704093933105
v_yard,1->4,ORB,500,500,107,0.9065420560747663,0.37383177570093457,0.9065420560747663,1.552885,0.040717363357543945
v_yard,1->4,BRISK,8228,9756,1146,0.912739965095986,0.40663176265270506,0.912739965095986,8.079503,2.0312769412994385
v_yard,1->4,LATCH,8713,9343,665,0.8135338345864662,0.35037593984962406,0.8135338345864662,5.6738734,1.008592128753662
v_yard,1->5,SIFT,9498,10033,665,0.606015037593985,0.17443609022556392,0.606015037593985,36.843117,0.6425492763519287
v_yard,1->5,ORB,500,500,32,0.59375,0.03125,0.59375,22.377602,0.04131317138671875
v_yard,1->5,BRISK,8228,10134,298,0.6510067114093959,0.14429530201342283,0.6510067114093959,34.027866,0.5150222778320312
v_yard,1->5,LATCH,8713,9010,108,0.7685185185185185,0.25,0.7685185185185185,13.438426,1.0090184211730957
v_yard,1->6,SIFT,9498,7269,205,0.36097560975609755,0.07317073170731707,0.36097560975609755,166.36305,0.5085511207580566
v_yard,1->6,ORB,500,500,10,0.2,0.0,0.2,304.55582,0.03555178642272949
v_yard,1->6,BRISK,8228,6159,69,0.391304347826087,0.0,0.391304347826087,154.18913,0.40145325660705566
v_yard,1->6,LATCH,8713,6938,7,0.2857142857142857,0.14285714285714285,0.2857142857142857,202.91637,1.158717393875122
v_yuri,1->2,SIFT,1127,2137,273,0.9084249084249084,0.7435897435897436,0.9084249084249084,22.6919,0.48320555686950684
v_yuri,1->2,ORB,500,500,48,0.8541666666666666,0.4375,0.8541666666666666,43.939747,0.03380274772644043
v_yuri,1->2,BRISK,755,1713,218,0.8577981651376146,0.5137614678899083,0.8577981651376146,2.3381522,0.12514019012451172
v_yuri,1->2,LATCH,1047,2047,347,0.9077809798270894,0.7089337175792507,0.9077809798270894,3.7124162,0.5723106861114502
v_yuri,1->3,SIFT,1127,820,304,0.7697368421052632,0.35526315789473684,0.7697368421052632,32.75704,0.5387263298034668
v_yuri,1->3,ORB,500,500,57,0.8947368421052632,0.22807017543859648,0.8947368421052632,20.389301,0.030260086059570312
v_yuri,1->3,BRISK,755,451,137,0.6423357664233577,0.1386861313868613,0.6423357664233577,21.320967,0.1011815071105957
v_yuri,1->3,LATCH,1047,746,77,0.7142857142857143,0.33766233766233766,0.7142857142857143,91.681816,0.5445761680603027
v_yuri,1->4,SIFT,1127,857,91,0.4175824175824176,0.13186813186813187,0.4175824175824176,68.03484,0.5022382736206055
v_yuri,1->4,ORB,500,500,20,0.35,0.05,0.35,60.8993,0.031676530838012695
v_yuri,1->4,BRISK,755,421,45,0.4222222222222222,0.06666666666666667,0.4222222222222222,48.724533,0.10275864601135254
v_yuri,1->4,LATCH,1047,813,10,0.2,0.0,0.2,173.32846,0.5540750026702881
v_yuri,1->5,SIFT,1127,427,234,0.7521367521367521,0.4017094017094017,0.7521367521367521,44.365807,0.48856019973754883
v_yuri,1->5,ORB,500,443,93,0.8602150537634409,0.16129032258064516,0.8602150537634409,8.796459,0.026402711868286133
v_yuri,1->5,BRISK,755,287,154,0.7987012987012987,0.22727272727272727,0.7987012987012987,21.09056,0.06837034225463867
v_yuri,1->5,LATCH,1047,409,52,0.4807692307692308,0.2692307692307692,0.4807692307692308,168.41528,0.5181272029876709
v_yuri,1->6,SIFT,1127,413,165,0.45454545454545453,0.10909090909090909,0.45454545454545453,70.32772,0.4824867248535156
v_yuri,1->6,ORB,500,436,52,0.4423076923076923,0.09615384615384616,0.4423076923076923,57.64182,0.027431488037109375
v_yuri,1->6,BRISK,755,299,93,0.44086021505376344,0.053763440860215055,0.44086021505376344,38.945812,0.06634759902954102
v_yuri,1->6,LATCH,1047,411,19,0.10526315789473684,0.0,0.10526315789473684,389.9376,0.517059326171875
